-- Add scale, dnote, min, max and startgeraet fields to wettkampfdisziplin table
-- Defaults for KuTu, KuTuRi
ALTER TABLE IF EXISTS wettkampfdisziplin
    ADD COLUMN scale integer NOT NULL DEFAULT 3;

ALTER TABLE IF EXISTS wettkampfdisziplin
    ADD COLUMN dnote integer NOT NULL DEFAULT 1;

ALTER TABLE IF EXISTS wettkampfdisziplin
    ADD COLUMN min integer NOT NULL DEFAULT 0;

ALTER TABLE IF EXISTS wettkampfdisziplin
    ADD COLUMN max integer NOT NULL DEFAULT 30;

ALTER TABLE IF EXISTS wettkampfdisziplin
    ADD COLUMN startgeraet integer NOT NULL DEFAULT 1;

-- adjust GeTu
update wettkampfdisziplin
  set scale = 2
  where programm_id in (
    select id from programm where parent_id = 20
  )
-- Sprung K6/K7)
  and id not in (100, 141)
;
update wettkampfdisziplin
  set dnote = 0,
      max = 30
  where programm_id in (
    select id from programm where parent_id = 20
  )
;
update wettkampfdisziplin
  set startgeraet = 0
  where programm_id in (
    select id from programm where parent_id = 20
  )
-- Barren
  and disziplin_id = 5
;
-- KD official STV
UPDATE programm
  set alter_von=22
  where id=42
;
-- KH official STV
UPDATE programm
  set alter_von=28
  where id=43
;

CREATE EXTENSION IF NOT EXISTS "uuid-ossp";
ALTER TABLE IF EXISTS programm
    ADD COLUMN uuid varchar(70);

-- insert given uuid's of existing pgm's
create table if not exists pgmidx (
  id integer primary key,
  uuid varchar(70) NOT NULL
);

insert into pgmidx (id, uuid) values
 (1,'db387348-c02b-11ed-ba9a-a2890e171f2c')
,(2,'db38741a-c02b-11ed-ba9a-a2890e171f2c')
,(3,'db387474-c02b-11ed-ba9a-a2890e171f2c')
,(11,'db3874c4-c02b-11ed-ba9a-a2890e171f2c')
,(12,'db38750a-c02b-11ed-ba9a-a2890e171f2c')
,(13,'db38755a-c02b-11ed-ba9a-a2890e171f2c')
,(14,'db3875a0-c02b-11ed-ba9a-a2890e171f2c')
,(15,'db3875e6-c02b-11ed-ba9a-a2890e171f2c')
,(16,'db387636-c02b-11ed-ba9a-a2890e171f2c')
,(17,'db38767c-c02b-11ed-ba9a-a2890e171f2c')
,(18,'db3876c2-c02b-11ed-ba9a-a2890e171f2c')
,(19,'db387708-c02b-11ed-ba9a-a2890e171f2c')
,(27,'db387758-c02b-11ed-ba9a-a2890e171f2c')
,(31,'db38779e-c02b-11ed-ba9a-a2890e171f2c')
,(32,'db3877e4-c02b-11ed-ba9a-a2890e171f2c')
,(33,'db387834-c02b-11ed-ba9a-a2890e171f2c')
,(34,'db38787a-c02b-11ed-ba9a-a2890e171f2c')
,(35,'db3878c0-c02b-11ed-ba9a-a2890e171f2c')
,(36,'db387906-c02b-11ed-ba9a-a2890e171f2c')
,(37,'db38794c-c02b-11ed-ba9a-a2890e171f2c')
,(38,'db38799c-c02b-11ed-ba9a-a2890e171f2c')
,(39,'db3879e2-c02b-11ed-ba9a-a2890e171f2c')
,(40,'db387a28-c02b-11ed-ba9a-a2890e171f2c')
,(20,'db387a6e-c02b-11ed-ba9a-a2890e171f2c')
,(21,'db387abe-c02b-11ed-ba9a-a2890e171f2c')
,(22,'db387b04-c02b-11ed-ba9a-a2890e171f2c')
,(23,'db387b4a-c02b-11ed-ba9a-a2890e171f2c')
,(24,'db387b90-c02b-11ed-ba9a-a2890e171f2c')
,(25,'db387be0-c02b-11ed-ba9a-a2890e171f2c')
,(26,'db387c26-c02b-11ed-ba9a-a2890e171f2c')
,(41,'db387c6c-c02b-11ed-ba9a-a2890e171f2c')
,(42,'db387cb2-c02b-11ed-ba9a-a2890e171f2c')
,(43,'db387cf8-c02b-11ed-ba9a-a2890e171f2c')
;
update programm p
  set uuid = (select uuid from pgmidx i where i.id = p.id);

ALTER TABLE IF EXISTS programm
    ALTER COLUMN uuid SET DEFAULT uuid_generate_v1();
CREATE UNIQUE INDEX xprogrammuuidpk ON programm (uuid);

drop table pgmidx;

ALTER TABLE IF EXISTS programm
    ADD COLUMN riegenmode integer NOT NULL DEFAULT 1;

update programm
   set riegenmode=2
 where id=1
    or parent_id=1
;

-- Test Programm-Extensions

insert into disziplin (id, name) values (1, 'Boden') on conflict (id) do nothing;
insert into disziplin (id, name) values (5, 'Barren') on conflict (id) do nothing;
insert into disziplin (id, name) values (4, 'Sprung') on conflict (id) do nothing;
insert into disziplin (id, name) values (6, 'Reck') on conflict (id) do nothing;
insert into programm (id, name, aggregate, parent_id, ord, alter_von, alter_bis, uuid, riegenmode) values
(148, 'TG Allgäu', 0, null, 148, 0, 100, 'aee67f3e-d790-49c8-8641-1f1376359716', 1)
,(149, 'Kür', 1, 148, 149, 0, 100, '5cbe0f01-e41a-41ff-876b-894ae36f9fe0', 1)
,(150, 'WK I Kür', 1, 149, 150, 0, 100, 'fae36b23-b6b0-406a-84be-b976c3730962', 1)
,(151, 'WK II LK1', 1, 149, 151, 0, 100, '9490ca83-be96-4ddb-9f11-98dd196befa2', 1)
,(152, 'WK III LK1', 1, 149, 152, 16, 17, '664fb1f2-9979-4131-b72e-f4bc6c497db5', 1)
,(153, 'WK IV LK2', 1, 149, 153, 14, 15, 'c890b368-0adb-4b5b-9ddb-a5a7f0423545', 1)
,(154, 'Pflicht', 1, 148, 154, 0, 100, '783588d9-835b-45cd-8a33-1bc58814c784', 1)
,(155, 'WK V Jug', 1, 154, 155, 14, 18, 'ac7d4861-44fd-4eec-81f0-8e00bfe1907a', 1)
,(156, 'WK VI Schüler A', 1, 154, 156, 12, 13, '1bc1dd70-d849-4026-8644-8c82b01e5364', 1)
,(157, 'WK VII Schüler B', 1, 154, 157, 10, 11, '053a908f-170e-4d9f-acec-a0603a2a9bf5', 1)
,(158, 'WK VIII Schüler C', 1, 154, 158, 8, 9, 'c60568b9-3f03-4693-b5fa-37199cf05cf4', 1)
,(159, 'WK IX Schüler D', 1, 154, 159, 0, 7, '328b6137-70bb-4b67-843b-10d99e377836', 1);
insert into wettkampfdisziplin (id, programm_id, disziplin_id, kurzbeschreibung, detailbeschreibung, notenfaktor, masculin, feminim, ord, scale, dnote, min, max, startgeraet) values
(728, 150, 1, '', '', 1.0, 1, 1, 0, 3, 1, 0, 30, 1)
,(729, 150, 5, '', '', 1.0, 1, 1, 1, 3, 1, 0, 30, 1)
,(730, 150, 4, '', '', 1.0, 1, 1, 2, 3, 1, 0, 30, 1)
,(731, 150, 6, '', '', 1.0, 1, 1, 3, 3, 1, 0, 30, 1)
,(732, 151, 1, '', '', 1.0, 1, 1, 4, 3, 1, 0, 30, 1)
,(733, 151, 5, '', '', 1.0, 1, 1, 5, 3, 1, 0, 30, 1)
,(734, 151, 4, '', '', 1.0, 1, 1, 6, 3, 1, 0, 30, 1)
,(735, 151, 6, '', '', 1.0, 1, 1, 7, 3, 1, 0, 30, 1)
,(736, 152, 1, '', '', 1.0, 1, 1, 8, 3, 1, 0, 30, 1)
,(737, 152, 5, '', '', 1.0, 1, 1, 9, 3, 1, 0, 30, 1)
,(738, 152, 4, '', '', 1.0, 1, 1, 10, 3, 1, 0, 30, 1)
,(739, 152, 6, '', '', 1.0, 1, 1, 11, 3, 1, 0, 30, 1)
,(740, 153, 1, '', '', 1.0, 1, 1, 12, 3, 1, 0, 30, 1)
,(741, 153, 5, '', '', 1.0, 1, 1, 13, 3, 1, 0, 30, 1)
,(742, 153, 4, '', '', 1.0, 1, 1, 14, 3, 1, 0, 30, 1)
,(743, 153, 6, '', '', 1.0, 1, 1, 15, 3, 1, 0, 30, 1)
,(744, 155, 1, '', '', 1.0, 1, 1, 16, 3, 1, 0, 30, 1)
,(745, 155, 5, '', '', 1.0, 1, 1, 17, 3, 1, 0, 30, 1)
,(746, 155, 4, '', '', 1.0, 1, 1, 18, 3, 1, 0, 30, 1)
,(747, 155, 6, '', '', 1.0, 1, 1, 19, 3, 1, 0, 30, 1)
,(748, 156, 1, '', '', 1.0, 1, 1, 20, 3, 1, 0, 30, 1)
,(749, 156, 5, '', '', 1.0, 1, 1, 21, 3, 1, 0, 30, 1)
,(750, 156, 4, '', '', 1.0, 1, 1, 22, 3, 1, 0, 30, 1)
,(751, 156, 6, '', '', 1.0, 1, 1, 23, 3, 1, 0, 30, 1)
,(752, 157, 1, '', '', 1.0, 1, 1, 24, 3, 1, 0, 30, 1)
,(753, 157, 5, '', '', 1.0, 1, 1, 25, 3, 1, 0, 30, 1)
,(754, 157, 4, '', '', 1.0, 1, 1, 26, 3, 1, 0, 30, 1)
,(755, 157, 6, '', '', 1.0, 1, 1, 27, 3, 1, 0, 30, 1)
,(756, 158, 1, '', '', 1.0, 1, 1, 28, 3, 1, 0, 30, 1)
,(757, 158, 5, '', '', 1.0, 1, 1, 29, 3, 1, 0, 30, 1)
,(758, 158, 4, '', '', 1.0, 1, 1, 30, 3, 1, 0, 30, 1)
,(759, 158, 6, '', '', 1.0, 1, 1, 31, 3, 1, 0, 30, 1)
,(760, 159, 1, '', '', 1.0, 1, 1, 32, 3, 1, 0, 30, 1)
,(761, 159, 5, '', '', 1.0, 1, 1, 33, 3, 1, 0, 30, 1)
,(762, 159, 4, '', '', 1.0, 1, 1, 34, 3, 1, 0, 30, 1)
,(763, 159, 6, '', '', 1.0, 1, 1, 35, 3, 1, 0, 30, 1);

insert into disziplin (id, name) values (1, 'Boden') on conflict (id) do nothing;
insert into disziplin (id, name) values (5, 'Barren') on conflict (id) do nothing;
insert into disziplin (id, name) values (28, 'Balken') on conflict (id) do nothing;
insert into disziplin (id, name) values (30, 'Minitramp') on conflict (id) do nothing;
insert into disziplin (id, name) values (6, 'Reck') on conflict (id) do nothing;
insert into disziplin (id, name) values (31, 'Pferd') on conflict (id) do nothing;
insert into disziplin (id, name) values (4, 'Sprung') on conflict (id) do nothing;
insert into programm (id, name, aggregate, parent_id, ord, alter_von, alter_bis, uuid, riegenmode) values
(160, 'Turn10', 0, null, 160, 0, 100, '99df7708-2e22-4ce1-904b-2fca5ac834e4', 1)
,(161, 'AK6 BS', 0, 160, 161, 0, 6, '337833d4-b3ac-4e0b-865e-df8e1c17b5eb', 1)
,(162, 'AK7 BS', 0, 160, 162, 7, 7, '22ec00f7-c9f1-45d3-a343-3f35b26483c0', 1)
,(163, 'AK8 BS', 0, 160, 163, 8, 8, '83f90e3d-4d8e-4b28-a8fa-e24e17b537aa', 1)
,(164, 'AK9 BS', 0, 160, 164, 9, 9, '447959c2-58e6-4351-ad96-460676495e27', 1)
,(165, 'AK10 BS', 0, 160, 165, 10, 10, '209f671f-2039-473b-9e9b-36c9f33f6599', 1)
,(166, 'AK11 BS', 0, 160, 166, 11, 11, 'd17e4b49-7495-49ec-aa0e-5da47867f650', 1)
,(167, 'AK12 BS', 0, 160, 167, 12, 12, '9a110e8b-593b-46a6-bf8d-61030dbab07f', 1)
,(168, 'AK13 BS', 0, 160, 168, 13, 13, '4d2960dc-e5e9-49e6-bcd9-088b96586a4f', 1)
,(169, 'AK13 OS', 0, 160, 169, 13, 13, 'b73db199-a954-418f-ad67-1113cd5d0b93', 1)
,(170, 'AK14 BS', 0, 160, 170, 14, 14, '8534de3a-fd2c-4dca-a6c2-879fd05bfaaf', 1)
,(171, 'AK14 OS', 0, 160, 171, 14, 14, 'af49881b-21e1-4d8b-8f80-ba87b1ad13f0', 1)
,(172, 'AK15 BS', 0, 160, 172, 15, 15, 'c100ddd2-48e9-43e3-aa58-59cf857d5078', 1)
,(173, 'AK15 OS', 0, 160, 173, 15, 15, '1cd7112f-1862-49fa-97b8-a3e2f1098d60', 1)
,(174, 'AK16 BS', 0, 160, 174, 16, 16, '4795a48f-fc12-46b9-91c2-1ce0a363976b', 1)
,(175, 'AK16 OS', 0, 160, 175, 16, 16, '49b3fdc5-6979-427d-a530-7f17b77ba309', 1)
,(176, 'AK17 BS', 0, 160, 176, 17, 17, '4d747eb3-4cca-41fe-a414-4804f091118a', 1)
,(177, 'AK17 OS', 0, 160, 177, 17, 17, '66a2f277-f974-409a-bb52-fbe783488bcb', 1)
,(178, 'AK18 BS', 0, 160, 178, 18, 23, '331b8674-93ff-4a4c-8773-cf1d9c3fd941', 1)
,(179, 'AK18 OS', 0, 160, 179, 18, 23, 'e5ed953b-5a29-47b6-ab09-69427fafd5bf', 1)
,(180, 'AK24 BS', 0, 160, 180, 24, 29, 'ed64a599-65ff-4d81-ba78-0f0fa20eb4ec', 1)
,(181, 'AK24 OS', 0, 160, 181, 24, 29, '72cf1fd6-9a2c-4260-9ceb-0d03a7d1775a', 1)
,(182, 'AK30 BS', 0, 160, 182, 30, 34, '35fc987c-26c0-420c-a408-a3526991c6b7', 1)
,(183, 'AK30 OS', 0, 160, 183, 30, 34, '3dc7ff1f-8b3b-426f-b913-f215b77b32ee', 1)
,(184, 'AK35 BS', 0, 160, 184, 35, 39, '17b6edab-99b4-4813-b1de-0ffa5bef9028', 1)
,(185, 'AK35 OS', 0, 160, 185, 35, 39, '6e6e0a0f-bcc7-4b4b-8dfb-5360250054cc', 1)
,(186, 'AK40 BS', 0, 160, 186, 40, 44, '4e0dc084-ed71-4fb4-97b3-07dcfa4ad77c', 1)
,(187, 'AK40 OS', 0, 160, 187, 40, 44, '0767a83d-8fe2-4a3d-af97-746e26640262', 1)
,(188, 'AK45 BS', 0, 160, 188, 45, 49, 'deec1cfa-7cc6-4e23-9b16-0d94f7d833b8', 1)
,(189, 'AK45 OS', 0, 160, 189, 45, 49, 'b098c2a0-32d2-4a46-a3c2-3ddd68bc05e0', 1)
,(190, 'AK50 BS', 0, 160, 190, 50, 54, '19ceabf0-97e3-4db8-93bd-ab0ad8efcbe0', 1)
,(191, 'AK50 OS', 0, 160, 191, 50, 54, 'bf4a88c2-2e63-4cef-b7ca-cdde409e9978', 1)
,(192, 'AK55 BS', 0, 160, 192, 55, 59, '6a4d7353-1b19-4235-88a7-a1a230790689', 1)
,(193, 'AK55 OS', 0, 160, 193, 55, 59, '6ca640c0-e0ec-4999-a762-32962b0ab86d', 1)
,(194, 'AK60 BS', 0, 160, 194, 60, 64, '0f377c87-32b4-4061-ab26-80564aa5e40b', 1)
,(195, 'AK60 OS', 0, 160, 195, 60, 64, '547d8955-1bd8-4bd9-bf98-6787550adbdb', 1);
insert into wettkampfdisziplin (id, programm_id, disziplin_id, kurzbeschreibung, detailbeschreibung, notenfaktor, masculin, feminim, ord, scale, dnote, min, max, startgeraet) values
(764, 161, 1, '', '', 1.0, 1, 1, 0, 3, 1, 0, 30, 1)
,(765, 161, 5, '', '', 1.0, 1, 1, 1, 3, 1, 0, 30, 1)
,(766, 161, 28, '', '', 1.0, 1, 1, 2, 3, 1, 0, 30, 1)
,(767, 161, 30, '', '', 1.0, 1, 1, 3, 3, 1, 0, 30, 1)
,(768, 161, 6, '', '', 1.0, 1, 1, 4, 3, 1, 0, 30, 1)
,(769, 161, 31, '', '', 1.0, 1, 1, 5, 3, 1, 0, 30, 1)
,(770, 161, 4, '', '', 1.0, 1, 1, 6, 3, 1, 0, 30, 1)
,(771, 162, 1, '', '', 1.0, 1, 1, 7, 3, 1, 0, 30, 1)
,(772, 162, 5, '', '', 1.0, 1, 1, 8, 3, 1, 0, 30, 1)
,(773, 162, 28, '', '', 1.0, 1, 1, 9, 3, 1, 0, 30, 1)
,(774, 162, 30, '', '', 1.0, 1, 1, 10, 3, 1, 0, 30, 1)
,(775, 162, 6, '', '', 1.0, 1, 1, 11, 3, 1, 0, 30, 1)
,(776, 162, 31, '', '', 1.0, 1, 1, 12, 3, 1, 0, 30, 1)
,(777, 162, 4, '', '', 1.0, 1, 1, 13, 3, 1, 0, 30, 1)
,(778, 163, 1, '', '', 1.0, 1, 1, 14, 3, 1, 0, 30, 1)
,(779, 163, 5, '', '', 1.0, 1, 1, 15, 3, 1, 0, 30, 1)
,(780, 163, 28, '', '', 1.0, 1, 1, 16, 3, 1, 0, 30, 1)
,(781, 163, 30, '', '', 1.0, 1, 1, 17, 3, 1, 0, 30, 1)
,(782, 163, 6, '', '', 1.0, 1, 1, 18, 3, 1, 0, 30, 1)
,(783, 163, 31, '', '', 1.0, 1, 1, 19, 3, 1, 0, 30, 1)
,(784, 163, 4, '', '', 1.0, 1, 1, 20, 3, 1, 0, 30, 1)
,(785, 164, 1, '', '', 1.0, 1, 1, 21, 3, 1, 0, 30, 1)
,(786, 164, 5, '', '', 1.0, 1, 1, 22, 3, 1, 0, 30, 1)
,(787, 164, 28, '', '', 1.0, 1, 1, 23, 3, 1, 0, 30, 1)
,(788, 164, 30, '', '', 1.0, 1, 1, 24, 3, 1, 0, 30, 1)
,(789, 164, 6, '', '', 1.0, 1, 1, 25, 3, 1, 0, 30, 1)
,(790, 164, 31, '', '', 1.0, 1, 1, 26, 3, 1, 0, 30, 1)
,(791, 164, 4, '', '', 1.0, 1, 1, 27, 3, 1, 0, 30, 1)
,(792, 165, 1, '', '', 1.0, 1, 1, 28, 3, 1, 0, 30, 1)
,(793, 165, 5, '', '', 1.0, 1, 1, 29, 3, 1, 0, 30, 1)
,(794, 165, 28, '', '', 1.0, 1, 1, 30, 3, 1, 0, 30, 1)
,(795, 165, 30, '', '', 1.0, 1, 1, 31, 3, 1, 0, 30, 1)
,(796, 165, 6, '', '', 1.0, 1, 1, 32, 3, 1, 0, 30, 1)
,(797, 165, 31, '', '', 1.0, 1, 1, 33, 3, 1, 0, 30, 1)
,(798, 165, 4, '', '', 1.0, 1, 1, 34, 3, 1, 0, 30, 1)
,(799, 166, 1, '', '', 1.0, 1, 1, 35, 3, 1, 0, 30, 1)
,(800, 166, 5, '', '', 1.0, 1, 1, 36, 3, 1, 0, 30, 1)
,(801, 166, 28, '', '', 1.0, 1, 1, 37, 3, 1, 0, 30, 1)
,(802, 166, 30, '', '', 1.0, 1, 1, 38, 3, 1, 0, 30, 1)
,(803, 166, 6, '', '', 1.0, 1, 1, 39, 3, 1, 0, 30, 1)
,(804, 166, 31, '', '', 1.0, 1, 1, 40, 3, 1, 0, 30, 1)
,(805, 166, 4, '', '', 1.0, 1, 1, 41, 3, 1, 0, 30, 1)
,(806, 167, 1, '', '', 1.0, 1, 1, 42, 3, 1, 0, 30, 1)
,(807, 167, 5, '', '', 1.0, 1, 1, 43, 3, 1, 0, 30, 1)
,(808, 167, 28, '', '', 1.0, 1, 1, 44, 3, 1, 0, 30, 1)
,(809, 167, 30, '', '', 1.0, 1, 1, 45, 3, 1, 0, 30, 1)
,(810, 167, 6, '', '', 1.0, 1, 1, 46, 3, 1, 0, 30, 1)
,(811, 167, 31, '', '', 1.0, 1, 1, 47, 3, 1, 0, 30, 1)
,(812, 167, 4, '', '', 1.0, 1, 1, 48, 3, 1, 0, 30, 1)
,(813, 168, 1, '', '', 1.0, 1, 1, 49, 3, 1, 0, 30, 1)
,(814, 168, 5, '', '', 1.0, 1, 1, 50, 3, 1, 0, 30, 1)
,(815, 168, 28, '', '', 1.0, 1, 1, 51, 3, 1, 0, 30, 1)
,(816, 168, 30, '', '', 1.0, 1, 1, 52, 3, 1, 0, 30, 1)
,(817, 168, 6, '', '', 1.0, 1, 1, 53, 3, 1, 0, 30, 1)
,(818, 168, 31, '', '', 1.0, 1, 1, 54, 3, 1, 0, 30, 1)
,(819, 168, 4, '', '', 1.0, 1, 1, 55, 3, 1, 0, 30, 1)
,(820, 169, 1, '', '', 1.0, 1, 1, 56, 3, 1, 0, 30, 1)
,(821, 169, 5, '', '', 1.0, 1, 1, 57, 3, 1, 0, 30, 1)
,(822, 169, 28, '', '', 1.0, 1, 1, 58, 3, 1, 0, 30, 1)
,(823, 169, 30, '', '', 1.0, 1, 1, 59, 3, 1, 0, 30, 1)
,(824, 169, 6, '', '', 1.0, 1, 1, 60, 3, 1, 0, 30, 1)
,(825, 169, 31, '', '', 1.0, 1, 1, 61, 3, 1, 0, 30, 1)
,(826, 169, 4, '', '', 1.0, 1, 1, 62, 3, 1, 0, 30, 1)
,(827, 170, 1, '', '', 1.0, 1, 1, 63, 3, 1, 0, 30, 1)
,(828, 170, 5, '', '', 1.0, 1, 1, 64, 3, 1, 0, 30, 1)
,(829, 170, 28, '', '', 1.0, 1, 1, 65, 3, 1, 0, 30, 1)
,(830, 170, 30, '', '', 1.0, 1, 1, 66, 3, 1, 0, 30, 1)
,(831, 170, 6, '', '', 1.0, 1, 1, 67, 3, 1, 0, 30, 1)
,(832, 170, 31, '', '', 1.0, 1, 1, 68, 3, 1, 0, 30, 1)
,(833, 170, 4, '', '', 1.0, 1, 1, 69, 3, 1, 0, 30, 1)
,(834, 171, 1, '', '', 1.0, 1, 1, 70, 3, 1, 0, 30, 1)
,(835, 171, 5, '', '', 1.0, 1, 1, 71, 3, 1, 0, 30, 1)
,(836, 171, 28, '', '', 1.0, 1, 1, 72, 3, 1, 0, 30, 1)
,(837, 171, 30, '', '', 1.0, 1, 1, 73, 3, 1, 0, 30, 1)
,(838, 171, 6, '', '', 1.0, 1, 1, 74, 3, 1, 0, 30, 1)
,(839, 171, 31, '', '', 1.0, 1, 1, 75, 3, 1, 0, 30, 1)
,(840, 171, 4, '', '', 1.0, 1, 1, 76, 3, 1, 0, 30, 1)
,(841, 172, 1, '', '', 1.0, 1, 1, 77, 3, 1, 0, 30, 1)
,(842, 172, 5, '', '', 1.0, 1, 1, 78, 3, 1, 0, 30, 1)
,(843, 172, 28, '', '', 1.0, 1, 1, 79, 3, 1, 0, 30, 1)
,(844, 172, 30, '', '', 1.0, 1, 1, 80, 3, 1, 0, 30, 1)
,(845, 172, 6, '', '', 1.0, 1, 1, 81, 3, 1, 0, 30, 1)
,(846, 172, 31, '', '', 1.0, 1, 1, 82, 3, 1, 0, 30, 1)
,(847, 172, 4, '', '', 1.0, 1, 1, 83, 3, 1, 0, 30, 1)
,(848, 173, 1, '', '', 1.0, 1, 1, 84, 3, 1, 0, 30, 1)
,(849, 173, 5, '', '', 1.0, 1, 1, 85, 3, 1, 0, 30, 1)
,(850, 173, 28, '', '', 1.0, 1, 1, 86, 3, 1, 0, 30, 1)
,(851, 173, 30, '', '', 1.0, 1, 1, 87, 3, 1, 0, 30, 1)
,(852, 173, 6, '', '', 1.0, 1, 1, 88, 3, 1, 0, 30, 1)
,(853, 173, 31, '', '', 1.0, 1, 1, 89, 3, 1, 0, 30, 1)
,(854, 173, 4, '', '', 1.0, 1, 1, 90, 3, 1, 0, 30, 1)
,(855, 174, 1, '', '', 1.0, 1, 1, 91, 3, 1, 0, 30, 1)
,(856, 174, 5, '', '', 1.0, 1, 1, 92, 3, 1, 0, 30, 1)
,(857, 174, 28, '', '', 1.0, 1, 1, 93, 3, 1, 0, 30, 1)
,(858, 174, 30, '', '', 1.0, 1, 1, 94, 3, 1, 0, 30, 1)
,(859, 174, 6, '', '', 1.0, 1, 1, 95, 3, 1, 0, 30, 1)
,(860, 174, 31, '', '', 1.0, 1, 1, 96, 3, 1, 0, 30, 1)
,(861, 174, 4, '', '', 1.0, 1, 1, 97, 3, 1, 0, 30, 1)
,(862, 175, 1, '', '', 1.0, 1, 1, 98, 3, 1, 0, 30, 1)
,(863, 175, 5, '', '', 1.0, 1, 1, 99, 3, 1, 0, 30, 1)
,(864, 175, 28, '', '', 1.0, 1, 1, 100, 3, 1, 0, 30, 1)
,(865, 175, 30, '', '', 1.0, 1, 1, 101, 3, 1, 0, 30, 1)
,(866, 175, 6, '', '', 1.0, 1, 1, 102, 3, 1, 0, 30, 1)
,(867, 175, 31, '', '', 1.0, 1, 1, 103, 3, 1, 0, 30, 1)
,(868, 175, 4, '', '', 1.0, 1, 1, 104, 3, 1, 0, 30, 1)
,(869, 176, 1, '', '', 1.0, 1, 1, 105, 3, 1, 0, 30, 1)
,(870, 176, 5, '', '', 1.0, 1, 1, 106, 3, 1, 0, 30, 1)
,(871, 176, 28, '', '', 1.0, 1, 1, 107, 3, 1, 0, 30, 1)
,(872, 176, 30, '', '', 1.0, 1, 1, 108, 3, 1, 0, 30, 1)
,(873, 176, 6, '', '', 1.0, 1, 1, 109, 3, 1, 0, 30, 1)
,(874, 176, 31, '', '', 1.0, 1, 1, 110, 3, 1, 0, 30, 1)
,(875, 176, 4, '', '', 1.0, 1, 1, 111, 3, 1, 0, 30, 1)
,(876, 177, 1, '', '', 1.0, 1, 1, 112, 3, 1, 0, 30, 1)
,(877, 177, 5, '', '', 1.0, 1, 1, 113, 3, 1, 0, 30, 1)
,(878, 177, 28, '', '', 1.0, 1, 1, 114, 3, 1, 0, 30, 1)
,(879, 177, 30, '', '', 1.0, 1, 1, 115, 3, 1, 0, 30, 1)
,(880, 177, 6, '', '', 1.0, 1, 1, 116, 3, 1, 0, 30, 1)
,(881, 177, 31, '', '', 1.0, 1, 1, 117, 3, 1, 0, 30, 1)
,(882, 177, 4, '', '', 1.0, 1, 1, 118, 3, 1, 0, 30, 1)
,(883, 178, 1, '', '', 1.0, 1, 1, 119, 3, 1, 0, 30, 1)
,(884, 178, 5, '', '', 1.0, 1, 1, 120, 3, 1, 0, 30, 1)
,(885, 178, 28, '', '', 1.0, 1, 1, 121, 3, 1, 0, 30, 1)
,(886, 178, 30, '', '', 1.0, 1, 1, 122, 3, 1, 0, 30, 1)
,(887, 178, 6, '', '', 1.0, 1, 1, 123, 3, 1, 0, 30, 1)
,(888, 178, 31, '', '', 1.0, 1, 1, 124, 3, 1, 0, 30, 1)
,(889, 178, 4, '', '', 1.0, 1, 1, 125, 3, 1, 0, 30, 1)
,(890, 179, 1, '', '', 1.0, 1, 1, 126, 3, 1, 0, 30, 1)
,(891, 179, 5, '', '', 1.0, 1, 1, 127, 3, 1, 0, 30, 1)
,(892, 179, 28, '', '', 1.0, 1, 1, 128, 3, 1, 0, 30, 1)
,(893, 179, 30, '', '', 1.0, 1, 1, 129, 3, 1, 0, 30, 1)
,(894, 179, 6, '', '', 1.0, 1, 1, 130, 3, 1, 0, 30, 1)
,(895, 179, 31, '', '', 1.0, 1, 1, 131, 3, 1, 0, 30, 1)
,(896, 179, 4, '', '', 1.0, 1, 1, 132, 3, 1, 0, 30, 1)
,(897, 180, 1, '', '', 1.0, 1, 1, 133, 3, 1, 0, 30, 1)
,(898, 180, 5, '', '', 1.0, 1, 1, 134, 3, 1, 0, 30, 1)
,(899, 180, 28, '', '', 1.0, 1, 1, 135, 3, 1, 0, 30, 1)
,(900, 180, 30, '', '', 1.0, 1, 1, 136, 3, 1, 0, 30, 1)
,(901, 180, 6, '', '', 1.0, 1, 1, 137, 3, 1, 0, 30, 1)
,(902, 180, 31, '', '', 1.0, 1, 1, 138, 3, 1, 0, 30, 1)
,(903, 180, 4, '', '', 1.0, 1, 1, 139, 3, 1, 0, 30, 1)
,(904, 181, 1, '', '', 1.0, 1, 1, 140, 3, 1, 0, 30, 1)
,(905, 181, 5, '', '', 1.0, 1, 1, 141, 3, 1, 0, 30, 1)
,(906, 181, 28, '', '', 1.0, 1, 1, 142, 3, 1, 0, 30, 1)
,(907, 181, 30, '', '', 1.0, 1, 1, 143, 3, 1, 0, 30, 1)
,(908, 181, 6, '', '', 1.0, 1, 1, 144, 3, 1, 0, 30, 1)
,(909, 181, 31, '', '', 1.0, 1, 1, 145, 3, 1, 0, 30, 1)
,(910, 181, 4, '', '', 1.0, 1, 1, 146, 3, 1, 0, 30, 1)
,(911, 182, 1, '', '', 1.0, 1, 1, 147, 3, 1, 0, 30, 1)
,(912, 182, 5, '', '', 1.0, 1, 1, 148, 3, 1, 0, 30, 1)
,(913, 182, 28, '', '', 1.0, 1, 1, 149, 3, 1, 0, 30, 1)
,(914, 182, 30, '', '', 1.0, 1, 1, 150, 3, 1, 0, 30, 1)
,(915, 182, 6, '', '', 1.0, 1, 1, 151, 3, 1, 0, 30, 1)
,(916, 182, 31, '', '', 1.0, 1, 1, 152, 3, 1, 0, 30, 1)
,(917, 182, 4, '', '', 1.0, 1, 1, 153, 3, 1, 0, 30, 1)
,(918, 183, 1, '', '', 1.0, 1, 1, 154, 3, 1, 0, 30, 1)
,(919, 183, 5, '', '', 1.0, 1, 1, 155, 3, 1, 0, 30, 1)
,(920, 183, 28, '', '', 1.0, 1, 1, 156, 3, 1, 0, 30, 1)
,(921, 183, 30, '', '', 1.0, 1, 1, 157, 3, 1, 0, 30, 1)
,(922, 183, 6, '', '', 1.0, 1, 1, 158, 3, 1, 0, 30, 1)
,(923, 183, 31, '', '', 1.0, 1, 1, 159, 3, 1, 0, 30, 1)
,(924, 183, 4, '', '', 1.0, 1, 1, 160, 3, 1, 0, 30, 1)
,(925, 184, 1, '', '', 1.0, 1, 1, 161, 3, 1, 0, 30, 1)
,(926, 184, 5, '', '', 1.0, 1, 1, 162, 3, 1, 0, 30, 1)
,(927, 184, 28, '', '', 1.0, 1, 1, 163, 3, 1, 0, 30, 1)
,(928, 184, 30, '', '', 1.0, 1, 1, 164, 3, 1, 0, 30, 1)
,(929, 184, 6, '', '', 1.0, 1, 1, 165, 3, 1, 0, 30, 1)
,(930, 184, 31, '', '', 1.0, 1, 1, 166, 3, 1, 0, 30, 1)
,(931, 184, 4, '', '', 1.0, 1, 1, 167, 3, 1, 0, 30, 1)
,(932, 185, 1, '', '', 1.0, 1, 1, 168, 3, 1, 0, 30, 1)
,(933, 185, 5, '', '', 1.0, 1, 1, 169, 3, 1, 0, 30, 1)
,(934, 185, 28, '', '', 1.0, 1, 1, 170, 3, 1, 0, 30, 1)
,(935, 185, 30, '', '', 1.0, 1, 1, 171, 3, 1, 0, 30, 1)
,(936, 185, 6, '', '', 1.0, 1, 1, 172, 3, 1, 0, 30, 1)
,(937, 185, 31, '', '', 1.0, 1, 1, 173, 3, 1, 0, 30, 1)
,(938, 185, 4, '', '', 1.0, 1, 1, 174, 3, 1, 0, 30, 1)
,(939, 186, 1, '', '', 1.0, 1, 1, 175, 3, 1, 0, 30, 1)
,(940, 186, 5, '', '', 1.0, 1, 1, 176, 3, 1, 0, 30, 1)
,(941, 186, 28, '', '', 1.0, 1, 1, 177, 3, 1, 0, 30, 1)
,(942, 186, 30, '', '', 1.0, 1, 1, 178, 3, 1, 0, 30, 1)
,(943, 186, 6, '', '', 1.0, 1, 1, 179, 3, 1, 0, 30, 1)
,(944, 186, 31, '', '', 1.0, 1, 1, 180, 3, 1, 0, 30, 1)
,(945, 186, 4, '', '', 1.0, 1, 1, 181, 3, 1, 0, 30, 1)
,(946, 187, 1, '', '', 1.0, 1, 1, 182, 3, 1, 0, 30, 1)
,(947, 187, 5, '', '', 1.0, 1, 1, 183, 3, 1, 0, 30, 1)
,(948, 187, 28, '', '', 1.0, 1, 1, 184, 3, 1, 0, 30, 1)
,(949, 187, 30, '', '', 1.0, 1, 1, 185, 3, 1, 0, 30, 1)
,(950, 187, 6, '', '', 1.0, 1, 1, 186, 3, 1, 0, 30, 1)
,(951, 187, 31, '', '', 1.0, 1, 1, 187, 3, 1, 0, 30, 1)
,(952, 187, 4, '', '', 1.0, 1, 1, 188, 3, 1, 0, 30, 1)
,(953, 188, 1, '', '', 1.0, 1, 1, 189, 3, 1, 0, 30, 1)
,(954, 188, 5, '', '', 1.0, 1, 1, 190, 3, 1, 0, 30, 1)
,(955, 188, 28, '', '', 1.0, 1, 1, 191, 3, 1, 0, 30, 1)
,(956, 188, 30, '', '', 1.0, 1, 1, 192, 3, 1, 0, 30, 1)
,(957, 188, 6, '', '', 1.0, 1, 1, 193, 3, 1, 0, 30, 1)
,(958, 188, 31, '', '', 1.0, 1, 1, 194, 3, 1, 0, 30, 1)
,(959, 188, 4, '', '', 1.0, 1, 1, 195, 3, 1, 0, 30, 1)
,(960, 189, 1, '', '', 1.0, 1, 1, 196, 3, 1, 0, 30, 1)
,(961, 189, 5, '', '', 1.0, 1, 1, 197, 3, 1, 0, 30, 1)
,(962, 189, 28, '', '', 1.0, 1, 1, 198, 3, 1, 0, 30, 1)
,(963, 189, 30, '', '', 1.0, 1, 1, 199, 3, 1, 0, 30, 1)
,(964, 189, 6, '', '', 1.0, 1, 1, 200, 3, 1, 0, 30, 1)
,(965, 189, 31, '', '', 1.0, 1, 1, 201, 3, 1, 0, 30, 1)
,(966, 189, 4, '', '', 1.0, 1, 1, 202, 3, 1, 0, 30, 1)
,(967, 190, 1, '', '', 1.0, 1, 1, 203, 3, 1, 0, 30, 1)
,(968, 190, 5, '', '', 1.0, 1, 1, 204, 3, 1, 0, 30, 1)
,(969, 190, 28, '', '', 1.0, 1, 1, 205, 3, 1, 0, 30, 1)
,(970, 190, 30, '', '', 1.0, 1, 1, 206, 3, 1, 0, 30, 1)
,(971, 190, 6, '', '', 1.0, 1, 1, 207, 3, 1, 0, 30, 1)
,(972, 190, 31, '', '', 1.0, 1, 1, 208, 3, 1, 0, 30, 1)
,(973, 190, 4, '', '', 1.0, 1, 1, 209, 3, 1, 0, 30, 1)
,(974, 191, 1, '', '', 1.0, 1, 1, 210, 3, 1, 0, 30, 1)
,(975, 191, 5, '', '', 1.0, 1, 1, 211, 3, 1, 0, 30, 1)
,(976, 191, 28, '', '', 1.0, 1, 1, 212, 3, 1, 0, 30, 1)
,(977, 191, 30, '', '', 1.0, 1, 1, 213, 3, 1, 0, 30, 1)
,(978, 191, 6, '', '', 1.0, 1, 1, 214, 3, 1, 0, 30, 1)
,(979, 191, 31, '', '', 1.0, 1, 1, 215, 3, 1, 0, 30, 1)
,(980, 191, 4, '', '', 1.0, 1, 1, 216, 3, 1, 0, 30, 1)
,(981, 192, 1, '', '', 1.0, 1, 1, 217, 3, 1, 0, 30, 1)
,(982, 192, 5, '', '', 1.0, 1, 1, 218, 3, 1, 0, 30, 1)
,(983, 192, 28, '', '', 1.0, 1, 1, 219, 3, 1, 0, 30, 1)
,(984, 192, 30, '', '', 1.0, 1, 1, 220, 3, 1, 0, 30, 1)
,(985, 192, 6, '', '', 1.0, 1, 1, 221, 3, 1, 0, 30, 1)
,(986, 192, 31, '', '', 1.0, 1, 1, 222, 3, 1, 0, 30, 1)
,(987, 192, 4, '', '', 1.0, 1, 1, 223, 3, 1, 0, 30, 1)
,(988, 193, 1, '', '', 1.0, 1, 1, 224, 3, 1, 0, 30, 1)
,(989, 193, 5, '', '', 1.0, 1, 1, 225, 3, 1, 0, 30, 1)
,(990, 193, 28, '', '', 1.0, 1, 1, 226, 3, 1, 0, 30, 1)
,(991, 193, 30, '', '', 1.0, 1, 1, 227, 3, 1, 0, 30, 1)
,(992, 193, 6, '', '', 1.0, 1, 1, 228, 3, 1, 0, 30, 1)
,(993, 193, 31, '', '', 1.0, 1, 1, 229, 3, 1, 0, 30, 1)
,(994, 193, 4, '', '', 1.0, 1, 1, 230, 3, 1, 0, 30, 1)
,(995, 194, 1, '', '', 1.0, 1, 1, 231, 3, 1, 0, 30, 1)
,(996, 194, 5, '', '', 1.0, 1, 1, 232, 3, 1, 0, 30, 1)
,(997, 194, 28, '', '', 1.0, 1, 1, 233, 3, 1, 0, 30, 1)
,(998, 194, 30, '', '', 1.0, 1, 1, 234, 3, 1, 0, 30, 1)
,(999, 194, 6, '', '', 1.0, 1, 1, 235, 3, 1, 0, 30, 1)
,(1000, 194, 31, '', '', 1.0, 1, 1, 236, 3, 1, 0, 30, 1)
,(1001, 194, 4, '', '', 1.0, 1, 1, 237, 3, 1, 0, 30, 1)
,(1002, 195, 1, '', '', 1.0, 1, 1, 238, 3, 1, 0, 30, 1)
,(1003, 195, 5, '', '', 1.0, 1, 1, 239, 3, 1, 0, 30, 1)
,(1004, 195, 28, '', '', 1.0, 1, 1, 240, 3, 1, 0, 30, 1)
,(1005, 195, 30, '', '', 1.0, 1, 1, 241, 3, 1, 0, 30, 1)
,(1006, 195, 6, '', '', 1.0, 1, 1, 242, 3, 1, 0, 30, 1)
,(1007, 195, 31, '', '', 1.0, 1, 1, 243, 3, 1, 0, 30, 1)
,(1008, 195, 4, '', '', 1.0, 1, 1, 244, 3, 1, 0, 30, 1);

insert into disziplin (id, name) values (6, 'Reck') on conflict (id) do nothing;
insert into disziplin (id, name) values (1, 'Boden') on conflict (id) do nothing;
insert into disziplin (id, name) values (3, 'Ring') on conflict (id) do nothing;
insert into disziplin (id, name) values (4, 'Sprung') on conflict (id) do nothing;
insert into disziplin (id, name) values (5, 'Barren') on conflict (id) do nothing;
insert into programm (id, name, aggregate, parent_id, ord, alter_von, alter_bis, uuid, riegenmode) values
(196, 'GeTu BLTV', 0, null, 196, 0, 100, 'a3c2fbb3-9b6d-4cf5-a47a-494212db2dfa', 1)
,(197, 'K1', 0, 196, 197, 0, 10, '9cfd1baa-c239-4c51-8f68-9b0ebcf90298', 1)
,(198, 'K2', 0, 196, 198, 0, 12, 'c155f2bd-6c50-4197-9c20-18ee89ac172c', 1)
,(199, 'K3', 0, 196, 199, 0, 14, '52de18d0-9a65-4127-b0e6-2c50971ffac8', 1)
,(200, 'K4', 0, 196, 200, 0, 16, '905c78ed-d879-4c5b-a742-33a484601e8c', 1)
,(201, 'K5', 0, 196, 201, 0, 100, '65c589da-3973-4dff-bacf-17bbe8f0664b', 1)
,(202, 'K6', 0, 196, 202, 0, 100, 'a54750c1-5a8c-459e-99ca-a723e62d35b3', 1)
,(203, 'K7', 0, 196, 203, 0, 100, '77e73438-e670-4ac2-abab-3879bab48910', 1)
,(204, 'KD', 0, 196, 204, 22, 100, '573b31a7-be3f-4563-b8c4-6448b995ea6b', 1)
,(205, 'KH', 0, 196, 205, 28, 100, '8ab21806-6acb-44d0-86d3-97e506ed00d0', 1);
insert into wettkampfdisziplin (id, programm_id, disziplin_id, kurzbeschreibung, detailbeschreibung, notenfaktor, masculin, feminim, ord, scale, dnote, min, max, startgeraet) values
(1009, 197, 6, '', '', 1.0, 1, 1, 0, 3, 1, 0, 30, 1)
,(1010, 197, 1, '', '', 1.0, 1, 1, 1, 3, 1, 0, 30, 1)
,(1011, 197, 3, '', '', 1.0, 1, 1, 2, 3, 1, 0, 30, 1)
,(1012, 197, 4, '', '', 1.0, 1, 1, 3, 3, 1, 0, 30, 1)
,(1013, 197, 5, '', '', 1.0, 1, 0, 4, 3, 1, 0, 30, 0)
,(1014, 198, 6, '', '', 1.0, 1, 1, 5, 3, 1, 0, 30, 1)
,(1015, 198, 1, '', '', 1.0, 1, 1, 6, 3, 1, 0, 30, 1)
,(1016, 198, 3, '', '', 1.0, 1, 1, 7, 3, 1, 0, 30, 1)
,(1017, 198, 4, '', '', 1.0, 1, 1, 8, 3, 1, 0, 30, 1)
,(1018, 198, 5, '', '', 1.0, 1, 0, 9, 3, 1, 0, 30, 0)
,(1019, 199, 6, '', '', 1.0, 1, 1, 10, 3, 1, 0, 30, 1)
,(1020, 199, 1, '', '', 1.0, 1, 1, 11, 3, 1, 0, 30, 1)
,(1021, 199, 3, '', '', 1.0, 1, 1, 12, 3, 1, 0, 30, 1)
,(1022, 199, 4, '', '', 1.0, 1, 1, 13, 3, 1, 0, 30, 1)
,(1023, 199, 5, '', '', 1.0, 1, 0, 14, 3, 1, 0, 30, 0)
,(1024, 200, 6, '', '', 1.0, 1, 1, 15, 3, 1, 0, 30, 1)
,(1025, 200, 1, '', '', 1.0, 1, 1, 16, 3, 1, 0, 30, 1)
,(1026, 200, 3, '', '', 1.0, 1, 1, 17, 3, 1, 0, 30, 1)
,(1027, 200, 4, '', '', 1.0, 1, 1, 18, 3, 1, 0, 30, 1)
,(1028, 200, 5, '', '', 1.0, 1, 0, 19, 3, 1, 0, 30, 0)
,(1029, 201, 6, '', '', 1.0, 1, 1, 20, 3, 1, 0, 30, 1)
,(1030, 201, 1, '', '', 1.0, 1, 1, 21, 3, 1, 0, 30, 1)
,(1031, 201, 3, '', '', 1.0, 1, 1, 22, 3, 1, 0, 30, 1)
,(1032, 201, 4, '', '', 1.0, 1, 1, 23, 3, 1, 0, 30, 1)
,(1033, 201, 5, '', '', 1.0, 1, 0, 24, 3, 1, 0, 30, 0)
,(1034, 202, 6, '', '', 1.0, 1, 1, 25, 3, 1, 0, 30, 1)
,(1035, 202, 1, '', '', 1.0, 1, 1, 26, 3, 1, 0, 30, 1)
,(1036, 202, 3, '', '', 1.0, 1, 1, 27, 3, 1, 0, 30, 1)
,(1037, 202, 4, '', '', 1.0, 1, 1, 28, 3, 1, 0, 30, 1)
,(1038, 202, 5, '', '', 1.0, 1, 0, 29, 3, 1, 0, 30, 0)
,(1039, 203, 6, '', '', 1.0, 1, 1, 30, 3, 1, 0, 30, 1)
,(1040, 203, 1, '', '', 1.0, 1, 1, 31, 3, 1, 0, 30, 1)
,(1041, 203, 3, '', '', 1.0, 1, 1, 32, 3, 1, 0, 30, 1)
,(1042, 203, 4, '', '', 1.0, 1, 1, 33, 3, 1, 0, 30, 1)
,(1043, 203, 5, '', '', 1.0, 1, 0, 34, 3, 1, 0, 30, 0)
,(1044, 204, 6, '', '', 1.0, 1, 1, 35, 3, 1, 0, 30, 1)
,(1045, 204, 1, '', '', 1.0, 1, 1, 36, 3, 1, 0, 30, 1)
,(1046, 204, 3, '', '', 1.0, 1, 1, 37, 3, 1, 0, 30, 1)
,(1047, 204, 4, '', '', 1.0, 1, 1, 38, 3, 1, 0, 30, 1)
,(1048, 204, 5, '', '', 1.0, 1, 0, 39, 3, 1, 0, 30, 0)
,(1049, 205, 6, '', '', 1.0, 1, 1, 40, 3, 1, 0, 30, 1)
,(1050, 205, 1, '', '', 1.0, 1, 1, 41, 3, 1, 0, 30, 1)
,(1051, 205, 3, '', '', 1.0, 1, 1, 42, 3, 1, 0, 30, 1)
,(1052, 205, 4, '', '', 1.0, 1, 1, 43, 3, 1, 0, 30, 1)
,(1053, 205, 5, '', '', 1.0, 1, 0, 44, 3, 1, 0, 30, 0);

