-- Add scale, dnote, min, max and startgeraet fields to wettkampfdisziplin table
-- Defaults for KuTu, KuTuRi
ALTER TABLE wettkampfdisziplin
    ADD COLUMN scale integer NOT NULL DEFAULT 3;

ALTER TABLE wettkampfdisziplin
    ADD COLUMN dnote integer NOT NULL DEFAULT 1;

ALTER TABLE wettkampfdisziplin
    ADD COLUMN min integer NOT NULL DEFAULT 0;

ALTER TABLE wettkampfdisziplin
    ADD COLUMN max integer NOT NULL DEFAULT 30;

ALTER TABLE wettkampfdisziplin
    ADD COLUMN startgeraet integer NOT NULL DEFAULT 1;

-- adjust GeTu
update wettkampfdisziplin
  set scale = 2
  where programm_id in (
    select id from programm where parent_id = 20
  )
  --// Sprung K6/K7)
  and id not in (100, 141)
;
update wettkampfdisziplin
  set dnote = 0,
      max = 30
  where programm_id in (
    select id from programm where parent_id = 20
  )
;
update wettkampfdisziplin
  set startgeraet = 0
  where programm_id in (
    select id from programm where parent_id = 20
  )
  -- Barren
  and disziplin_id = 5
;


alter table programm rename to old_programm;

CREATE TABLE IF NOT EXISTS programm (
  id integer primary key,
  name varchar(100) NOT NULL,
  aggregate INT NOT NULL,
  parent_id integer,
  ord INT NOT NULL DEFAULT 0,
  alter_von int NOT NULL DEFAULT 0,
  alter_bis int NOT NULL DEFAULT 100,
  riegenmode int NOT NULL DEFAULT 1,
  uuid varchar(70) NOT NULL DEFAULT (NewUUID()),
  FOREIGN KEY (parent_id) REFERENCES programm (id)
);
create table if not exists pgmidx (
  id integer primary key,
  uuid varchar(70) NOT NULL
);
insert into pgmidx (id, uuid)
values
 (1,"db387348-c02b-11ed-ba9a-a2890e171f2c")
,(2,"db38741a-c02b-11ed-ba9a-a2890e171f2c")
,(3,"db387474-c02b-11ed-ba9a-a2890e171f2c")
,(11,"db3874c4-c02b-11ed-ba9a-a2890e171f2c")
,(12,"db38750a-c02b-11ed-ba9a-a2890e171f2c")
,(13,"db38755a-c02b-11ed-ba9a-a2890e171f2c")
,(14,"db3875a0-c02b-11ed-ba9a-a2890e171f2c")
,(15,"db3875e6-c02b-11ed-ba9a-a2890e171f2c")
,(16,"db387636-c02b-11ed-ba9a-a2890e171f2c")
,(17,"db38767c-c02b-11ed-ba9a-a2890e171f2c")
,(18,"db3876c2-c02b-11ed-ba9a-a2890e171f2c")
,(19,"db387708-c02b-11ed-ba9a-a2890e171f2c")
,(27,"db387758-c02b-11ed-ba9a-a2890e171f2c")
,(31,"db38779e-c02b-11ed-ba9a-a2890e171f2c")
,(32,"db3877e4-c02b-11ed-ba9a-a2890e171f2c")
,(33,"db387834-c02b-11ed-ba9a-a2890e171f2c")
,(34,"db38787a-c02b-11ed-ba9a-a2890e171f2c")
,(35,"db3878c0-c02b-11ed-ba9a-a2890e171f2c")
,(36,"db387906-c02b-11ed-ba9a-a2890e171f2c")
,(37,"db38794c-c02b-11ed-ba9a-a2890e171f2c")
,(38,"db38799c-c02b-11ed-ba9a-a2890e171f2c")
,(39,"db3879e2-c02b-11ed-ba9a-a2890e171f2c")
,(40,"db387a28-c02b-11ed-ba9a-a2890e171f2c")
,(20,"db387a6e-c02b-11ed-ba9a-a2890e171f2c")
,(21,"db387abe-c02b-11ed-ba9a-a2890e171f2c")
,(22,"db387b04-c02b-11ed-ba9a-a2890e171f2c")
,(23,"db387b4a-c02b-11ed-ba9a-a2890e171f2c")
,(24,"db387b90-c02b-11ed-ba9a-a2890e171f2c")
,(25,"db387be0-c02b-11ed-ba9a-a2890e171f2c")
,(26,"db387c26-c02b-11ed-ba9a-a2890e171f2c")
,(41,"db387c6c-c02b-11ed-ba9a-a2890e171f2c")
,(42,"db387cb2-c02b-11ed-ba9a-a2890e171f2c")
,(43,"db387cf8-c02b-11ed-ba9a-a2890e171f2c")
;
-- insert given uuid's of existing pgm's
insert into programm( id, name, aggregate, parent_id, ord, alter_von, alter_bis, uuid ) select op.*, t.uuid from old_programm op
 inner join pgmidx t on (t.id = op.id)
;
CREATE UNIQUE INDEX xprogrammuuidpk ON programm (uuid);

drop table pgmidx;
drop table old_programm;

update programm
   set riegenmode=2
 where id=1
    or parent_id=1
;
-- fix age-limitations K1-K4 inofficial, for GeTu BLTV
-- KD official STV
UPDATE programm
  set alter_von=22
  where id=42;
-- KH official STV
UPDATE programm
  set alter_von=28
  where id=43;

-- Test Programm-Extensions
insert into disziplin (id, name) values (1, 'Boden') on conflict (id) do nothing;
insert into disziplin (id, name) values (5, 'Barren') on conflict (id) do nothing;
insert into disziplin (id, name) values (4, 'Sprung') on conflict (id) do nothing;
insert into disziplin (id, name) values (6, 'Reck') on conflict (id) do nothing;
insert into programm (id, name, aggregate, parent_id, ord, alter_von, alter_bis, uuid, riegenmode) values
(92, 'TG Allgäu', 0, 0, 92, 0, 100, '8e31c31f-ca3b-49d6-88e9-6a8d4b6eaeed', 1)
,(93, 'Kür', 1, 92, 93, 0, 100, '6d4a8660-5c4a-4532-83ce-22ef39dab060', 1)
,(94, 'WK I Kür', 1, 93, 94, 0, 100, 'ff7b13d0-16b4-4b21-8a9f-dc82867f2859', 1)
,(95, 'WK II LK1', 1, 93, 95, 0, 100, 'e516c62a-54f7-4ff4-9198-dc70f6348f4e', 1)
,(96, 'WK III LK1', 1, 93, 96, 16, 17, '8a98b830-7c92-4fd6-be58-e6361c40c961', 1)
,(97, 'WK IV LK2', 1, 93, 97, 14, 15, 'c4330b77-1b13-48c3-a950-0e352b6b32b7', 1)
,(98, 'Pflicht', 1, 92, 98, 0, 100, 'a74ca689-6174-4dee-ad39-7cbfbce29898', 1)
,(99, 'WK V Jug', 1, 98, 99, 14, 18, '8793e2a5-ddc0-43f8-ac8a-fbdad40e2594', 1)
,(100, 'WK VI Schüler A', 1, 98, 100, 12, 13, '640e4a29-0c6a-4083-9fcc-cca79105644d', 1)
,(101, 'WK VII Schüler B', 1, 98, 101, 10, 11, '6859201a-bd3d-4917-9b1e-b0898f6df7d2', 1)
,(102, 'WK VIII Schüler C', 1, 98, 102, 8, 9, '3bcdf06e-827c-40e3-9209-74b3ba5314e1', 1)
,(103, 'WK IX Schüler D', 1, 98, 103, 0, 7, '3b7aab26-4a6d-4dd5-a53c-58fca79ec62a', 1);
insert into wettkampfdisziplin (id, programm_id, disziplin_id, kurzbeschreibung, detailbeschreibung, notenfaktor, masculin, feminim, ord, scale, dnote, min, max, startgeraet) values
(435, 94, 1, '', '', 1.0, 1, 1, 0, 3, 1, 0, 30, 1)
,(436, 94, 5, '', '', 1.0, 1, 1, 1, 3, 1, 0, 30, 1)
,(437, 94, 4, '', '', 1.0, 1, 1, 2, 3, 1, 0, 30, 1)
,(438, 94, 6, '', '', 1.0, 1, 1, 3, 3, 1, 0, 30, 1)
,(439, 95, 1, '', '', 1.0, 1, 1, 4, 3, 1, 0, 30, 1)
,(440, 95, 5, '', '', 1.0, 1, 1, 5, 3, 1, 0, 30, 1)
,(441, 95, 4, '', '', 1.0, 1, 1, 6, 3, 1, 0, 30, 1)
,(442, 95, 6, '', '', 1.0, 1, 1, 7, 3, 1, 0, 30, 1)
,(443, 96, 1, '', '', 1.0, 1, 1, 8, 3, 1, 0, 30, 1)
,(444, 96, 5, '', '', 1.0, 1, 1, 9, 3, 1, 0, 30, 1)
,(445, 96, 4, '', '', 1.0, 1, 1, 10, 3, 1, 0, 30, 1)
,(446, 96, 6, '', '', 1.0, 1, 1, 11, 3, 1, 0, 30, 1)
,(447, 97, 1, '', '', 1.0, 1, 1, 12, 3, 1, 0, 30, 1)
,(448, 97, 5, '', '', 1.0, 1, 1, 13, 3, 1, 0, 30, 1)
,(449, 97, 4, '', '', 1.0, 1, 1, 14, 3, 1, 0, 30, 1)
,(450, 97, 6, '', '', 1.0, 1, 1, 15, 3, 1, 0, 30, 1)
,(451, 99, 1, '', '', 1.0, 1, 1, 16, 3, 1, 0, 30, 1)
,(452, 99, 5, '', '', 1.0, 1, 1, 17, 3, 1, 0, 30, 1)
,(453, 99, 4, '', '', 1.0, 1, 1, 18, 3, 1, 0, 30, 1)
,(454, 99, 6, '', '', 1.0, 1, 1, 19, 3, 1, 0, 30, 1)
,(455, 100, 1, '', '', 1.0, 1, 1, 20, 3, 1, 0, 30, 1)
,(456, 100, 5, '', '', 1.0, 1, 1, 21, 3, 1, 0, 30, 1)
,(457, 100, 4, '', '', 1.0, 1, 1, 22, 3, 1, 0, 30, 1)
,(458, 100, 6, '', '', 1.0, 1, 1, 23, 3, 1, 0, 30, 1)
,(459, 101, 1, '', '', 1.0, 1, 1, 24, 3, 1, 0, 30, 1)
,(460, 101, 5, '', '', 1.0, 1, 1, 25, 3, 1, 0, 30, 1)
,(461, 101, 4, '', '', 1.0, 1, 1, 26, 3, 1, 0, 30, 1)
,(462, 101, 6, '', '', 1.0, 1, 1, 27, 3, 1, 0, 30, 1)
,(463, 102, 1, '', '', 1.0, 1, 1, 28, 3, 1, 0, 30, 1)
,(464, 102, 5, '', '', 1.0, 1, 1, 29, 3, 1, 0, 30, 1)
,(465, 102, 4, '', '', 1.0, 1, 1, 30, 3, 1, 0, 30, 1)
,(466, 102, 6, '', '', 1.0, 1, 1, 31, 3, 1, 0, 30, 1)
,(467, 103, 1, '', '', 1.0, 1, 1, 32, 3, 1, 0, 30, 1)
,(468, 103, 5, '', '', 1.0, 1, 1, 33, 3, 1, 0, 30, 1)
,(469, 103, 4, '', '', 1.0, 1, 1, 34, 3, 1, 0, 30, 1)
,(470, 103, 6, '', '', 1.0, 1, 1, 35, 3, 1, 0, 30, 1);
insert into disziplin (id, name) values (30, 'Minitramp') on conflict (id) do nothing;
insert into disziplin (id, name) values (31, 'Pferd') on conflict (id) do nothing;
insert into disziplin (id, name) values (1, 'Boden') on conflict (id) do nothing;
insert into disziplin (id, name) values (5, 'Barren') on conflict (id) do nothing;
insert into disziplin (id, name) values (28, 'Balken') on conflict (id) do nothing;
insert into disziplin (id, name) values (6, 'Reck') on conflict (id) do nothing;
insert into disziplin (id, name) values (4, 'Sprung') on conflict (id) do nothing;
insert into programm (id, name, aggregate, parent_id, ord, alter_von, alter_bis, uuid, riegenmode) values
(104, 'Turn10', 0, 0, 104, 0, 100, 'a766317a-d77a-43d5-9a2b-ecd2fdc1d7a1', 1)
,(105, 'AK6 BS', 0, 104, 105, 0, 6, '5bc0114e-57cc-44f5-892f-57f0a5e9cca4', 1)
,(106, 'AK7 BS', 0, 104, 106, 7, 7, '6809f646-0dd3-4460-b7f1-a91a8f76eb6a', 1)
,(107, 'AK8 BS', 0, 104, 107, 8, 8, 'd1d86247-b792-4f67-8f03-1dc164aa0f26', 1)
,(108, 'AK9 BS', 0, 104, 108, 9, 9, '63dce54e-905e-4687-983d-c68a2e0eb0f8', 1)
,(109, 'AK10 BS', 0, 104, 109, 10, 10, 'bda692f0-7bc4-4c34-a099-6d293288769f', 1)
,(110, 'AK11 BS', 0, 104, 110, 11, 11, '0501d8ff-30a1-4d9c-83a8-acb66497ac30', 1)
,(111, 'AK12 BS', 0, 104, 111, 12, 12, 'f04c16a9-483f-4121-ab36-e39886a1da5d', 1)
,(112, 'AK13 BS', 0, 104, 112, 13, 13, '06c13072-afca-4a81-89be-ff370376690e', 1)
,(113, 'AK13 OS', 0, 104, 113, 13, 13, 'fecaf76e-1325-4b24-a538-0d0d90579f6c', 1)
,(114, 'AK14 BS', 0, 104, 114, 14, 14, '0647bcfb-af6c-4dc7-bbb2-0f074617edba', 1)
,(115, 'AK14 OS', 0, 104, 115, 14, 14, '89c22e20-9606-47d7-994b-a6aff75a909e', 1)
,(116, 'AK15 BS', 0, 104, 116, 15, 15, '63dafc19-d4dc-4d5a-80b8-d7469c03a8b8', 1)
,(117, 'AK15 OS', 0, 104, 117, 15, 15, 'f031d70f-4a47-47d2-ab9b-5e72df3057fd', 1)
,(118, 'AK16 BS', 0, 104, 118, 16, 16, '83a5ae31-59ef-4baa-b02f-7d7250b4e1eb', 1)
,(119, 'AK16 OS', 0, 104, 119, 16, 16, 'c84c7734-04c0-4a00-86ea-a81611e5964f', 1)
,(120, 'AK17 BS', 0, 104, 120, 17, 17, 'f7fb1a93-a38c-4cce-90e4-a999b9c0617c', 1)
,(121, 'AK17 OS', 0, 104, 121, 17, 17, 'ace673b5-710a-4040-ac0f-69bfa1520012', 1)
,(122, 'AK18 BS', 0, 104, 122, 18, 23, 'ccc541b0-282e-42bc-a354-5f90bf8912a7', 1)
,(123, 'AK18 OS', 0, 104, 123, 18, 23, '25b8d881-2a9d-4e19-adf0-a3805d50a200', 1)
,(124, 'AK24 BS', 0, 104, 124, 24, 29, 'd5ae3778-dac6-4733-91ab-0a2ec9461b35', 1)
,(125, 'AK24 OS', 0, 104, 125, 24, 29, '295e69d9-97bb-4ace-a612-c45e6f332148', 1)
,(126, 'AK30 BS', 0, 104, 126, 30, 34, 'f48543fa-cc1b-4fb3-bc88-d8bbf8d55407', 1)
,(127, 'AK30 OS', 0, 104, 127, 30, 34, 'a7af6f33-8bb3-4009-a1c3-9c4f7c1c00c4', 1)
,(128, 'AK35 BS', 0, 104, 128, 35, 39, 'd3344699-f379-4123-9107-14c2cf913edc', 1)
,(129, 'AK35 OS', 0, 104, 129, 35, 39, '5c37985d-d163-4886-8b71-456483ccca9c', 1)
,(130, 'AK40 BS', 0, 104, 130, 40, 44, '5657dd4a-e5d3-4715-941a-c95358642eda', 1)
,(131, 'AK40 OS', 0, 104, 131, 40, 44, '759618c1-3404-48b9-938c-c8bc4e09efa6', 1)
,(132, 'AK45 BS', 0, 104, 132, 45, 49, '8c554196-3971-4c10-82c5-3723b431bc74', 1)
,(133, 'AK45 OS', 0, 104, 133, 45, 49, 'd224818f-ee15-4ce1-b7ea-c0af4e736011', 1)
,(134, 'AK50 BS', 0, 104, 134, 50, 54, '715f01fc-1a39-4a54-9460-38d385b0b26c', 1)
,(135, 'AK50 OS', 0, 104, 135, 50, 54, '5f6ad4fd-6492-4bc7-a35d-4b40b428aa16', 1)
,(136, 'AK55 BS', 0, 104, 136, 55, 59, 'd270d592-fff8-48e8-89d9-7142aa7ca8b9', 1)
,(137, 'AK55 OS', 0, 104, 137, 55, 59, '0a98feb3-3918-4b39-9f5f-89498b68c8f2', 1)
,(138, 'AK60 BS', 0, 104, 138, 60, 64, '1148c029-27fc-476b-9ef6-972169a0b09b', 1)
,(139, 'AK60 OS', 0, 104, 139, 60, 64, '60d42135-f786-4504-84ca-e760981f4b3f', 1);
insert into wettkampfdisziplin (id, programm_id, disziplin_id, kurzbeschreibung, detailbeschreibung, notenfaktor, masculin, feminim, ord, scale, dnote, min, max, startgeraet) values
(471, 105, 30, '', '', 1.0, 1, 1, 0, 3, 1, 0, 30, 1)
,(472, 105, 31, '', '', 1.0, 1, 1, 1, 3, 1, 0, 30, 1)
,(473, 105, 1, '', '', 1.0, 1, 1, 2, 3, 1, 0, 30, 1)
,(474, 105, 5, '', '', 1.0, 1, 1, 3, 3, 1, 0, 30, 1)
,(475, 105, 28, '', '', 1.0, 1, 1, 4, 3, 1, 0, 30, 1)
,(476, 105, 6, '', '', 1.0, 1, 1, 5, 3, 1, 0, 30, 1)
,(477, 105, 4, '', '', 1.0, 1, 1, 6, 3, 1, 0, 30, 1)
,(478, 106, 30, '', '', 1.0, 1, 1, 7, 3, 1, 0, 30, 1)
,(479, 106, 31, '', '', 1.0, 1, 1, 8, 3, 1, 0, 30, 1)
,(480, 106, 1, '', '', 1.0, 1, 1, 9, 3, 1, 0, 30, 1)
,(481, 106, 5, '', '', 1.0, 1, 1, 10, 3, 1, 0, 30, 1)
,(482, 106, 28, '', '', 1.0, 1, 1, 11, 3, 1, 0, 30, 1)
,(483, 106, 6, '', '', 1.0, 1, 1, 12, 3, 1, 0, 30, 1)
,(484, 106, 4, '', '', 1.0, 1, 1, 13, 3, 1, 0, 30, 1)
,(485, 107, 30, '', '', 1.0, 1, 1, 14, 3, 1, 0, 30, 1)
,(486, 107, 31, '', '', 1.0, 1, 1, 15, 3, 1, 0, 30, 1)
,(487, 107, 1, '', '', 1.0, 1, 1, 16, 3, 1, 0, 30, 1)
,(488, 107, 5, '', '', 1.0, 1, 1, 17, 3, 1, 0, 30, 1)
,(489, 107, 28, '', '', 1.0, 1, 1, 18, 3, 1, 0, 30, 1)
,(490, 107, 6, '', '', 1.0, 1, 1, 19, 3, 1, 0, 30, 1)
,(491, 107, 4, '', '', 1.0, 1, 1, 20, 3, 1, 0, 30, 1)
,(492, 108, 30, '', '', 1.0, 1, 1, 21, 3, 1, 0, 30, 1)
,(493, 108, 31, '', '', 1.0, 1, 1, 22, 3, 1, 0, 30, 1)
,(494, 108, 1, '', '', 1.0, 1, 1, 23, 3, 1, 0, 30, 1)
,(495, 108, 5, '', '', 1.0, 1, 1, 24, 3, 1, 0, 30, 1)
,(496, 108, 28, '', '', 1.0, 1, 1, 25, 3, 1, 0, 30, 1)
,(497, 108, 6, '', '', 1.0, 1, 1, 26, 3, 1, 0, 30, 1)
,(498, 108, 4, '', '', 1.0, 1, 1, 27, 3, 1, 0, 30, 1)
,(499, 109, 30, '', '', 1.0, 1, 1, 28, 3, 1, 0, 30, 1)
,(500, 109, 31, '', '', 1.0, 1, 1, 29, 3, 1, 0, 30, 1)
,(501, 109, 1, '', '', 1.0, 1, 1, 30, 3, 1, 0, 30, 1)
,(502, 109, 5, '', '', 1.0, 1, 1, 31, 3, 1, 0, 30, 1)
,(503, 109, 28, '', '', 1.0, 1, 1, 32, 3, 1, 0, 30, 1)
,(504, 109, 6, '', '', 1.0, 1, 1, 33, 3, 1, 0, 30, 1)
,(505, 109, 4, '', '', 1.0, 1, 1, 34, 3, 1, 0, 30, 1)
,(506, 110, 30, '', '', 1.0, 1, 1, 35, 3, 1, 0, 30, 1)
,(507, 110, 31, '', '', 1.0, 1, 1, 36, 3, 1, 0, 30, 1)
,(508, 110, 1, '', '', 1.0, 1, 1, 37, 3, 1, 0, 30, 1)
,(509, 110, 5, '', '', 1.0, 1, 1, 38, 3, 1, 0, 30, 1)
,(510, 110, 28, '', '', 1.0, 1, 1, 39, 3, 1, 0, 30, 1)
,(511, 110, 6, '', '', 1.0, 1, 1, 40, 3, 1, 0, 30, 1)
,(512, 110, 4, '', '', 1.0, 1, 1, 41, 3, 1, 0, 30, 1)
,(513, 111, 30, '', '', 1.0, 1, 1, 42, 3, 1, 0, 30, 1)
,(514, 111, 31, '', '', 1.0, 1, 1, 43, 3, 1, 0, 30, 1)
,(515, 111, 1, '', '', 1.0, 1, 1, 44, 3, 1, 0, 30, 1)
,(516, 111, 5, '', '', 1.0, 1, 1, 45, 3, 1, 0, 30, 1)
,(517, 111, 28, '', '', 1.0, 1, 1, 46, 3, 1, 0, 30, 1)
,(518, 111, 6, '', '', 1.0, 1, 1, 47, 3, 1, 0, 30, 1)
,(519, 111, 4, '', '', 1.0, 1, 1, 48, 3, 1, 0, 30, 1)
,(520, 112, 30, '', '', 1.0, 1, 1, 49, 3, 1, 0, 30, 1)
,(521, 112, 31, '', '', 1.0, 1, 1, 50, 3, 1, 0, 30, 1)
,(522, 112, 1, '', '', 1.0, 1, 1, 51, 3, 1, 0, 30, 1)
,(523, 112, 5, '', '', 1.0, 1, 1, 52, 3, 1, 0, 30, 1)
,(524, 112, 28, '', '', 1.0, 1, 1, 53, 3, 1, 0, 30, 1)
,(525, 112, 6, '', '', 1.0, 1, 1, 54, 3, 1, 0, 30, 1)
,(526, 112, 4, '', '', 1.0, 1, 1, 55, 3, 1, 0, 30, 1)
,(527, 113, 30, '', '', 1.0, 1, 1, 56, 3, 1, 0, 30, 1)
,(528, 113, 31, '', '', 1.0, 1, 1, 57, 3, 1, 0, 30, 1)
,(529, 113, 1, '', '', 1.0, 1, 1, 58, 3, 1, 0, 30, 1)
,(530, 113, 5, '', '', 1.0, 1, 1, 59, 3, 1, 0, 30, 1)
,(531, 113, 28, '', '', 1.0, 1, 1, 60, 3, 1, 0, 30, 1)
,(532, 113, 6, '', '', 1.0, 1, 1, 61, 3, 1, 0, 30, 1)
,(533, 113, 4, '', '', 1.0, 1, 1, 62, 3, 1, 0, 30, 1)
,(534, 114, 30, '', '', 1.0, 1, 1, 63, 3, 1, 0, 30, 1)
,(535, 114, 31, '', '', 1.0, 1, 1, 64, 3, 1, 0, 30, 1)
,(536, 114, 1, '', '', 1.0, 1, 1, 65, 3, 1, 0, 30, 1)
,(537, 114, 5, '', '', 1.0, 1, 1, 66, 3, 1, 0, 30, 1)
,(538, 114, 28, '', '', 1.0, 1, 1, 67, 3, 1, 0, 30, 1)
,(539, 114, 6, '', '', 1.0, 1, 1, 68, 3, 1, 0, 30, 1)
,(540, 114, 4, '', '', 1.0, 1, 1, 69, 3, 1, 0, 30, 1)
,(541, 115, 30, '', '', 1.0, 1, 1, 70, 3, 1, 0, 30, 1)
,(542, 115, 31, '', '', 1.0, 1, 1, 71, 3, 1, 0, 30, 1)
,(543, 115, 1, '', '', 1.0, 1, 1, 72, 3, 1, 0, 30, 1)
,(544, 115, 5, '', '', 1.0, 1, 1, 73, 3, 1, 0, 30, 1)
,(545, 115, 28, '', '', 1.0, 1, 1, 74, 3, 1, 0, 30, 1)
,(546, 115, 6, '', '', 1.0, 1, 1, 75, 3, 1, 0, 30, 1)
,(547, 115, 4, '', '', 1.0, 1, 1, 76, 3, 1, 0, 30, 1)
,(548, 116, 30, '', '', 1.0, 1, 1, 77, 3, 1, 0, 30, 1)
,(549, 116, 31, '', '', 1.0, 1, 1, 78, 3, 1, 0, 30, 1)
,(550, 116, 1, '', '', 1.0, 1, 1, 79, 3, 1, 0, 30, 1)
,(551, 116, 5, '', '', 1.0, 1, 1, 80, 3, 1, 0, 30, 1)
,(552, 116, 28, '', '', 1.0, 1, 1, 81, 3, 1, 0, 30, 1)
,(553, 116, 6, '', '', 1.0, 1, 1, 82, 3, 1, 0, 30, 1)
,(554, 116, 4, '', '', 1.0, 1, 1, 83, 3, 1, 0, 30, 1)
,(555, 117, 30, '', '', 1.0, 1, 1, 84, 3, 1, 0, 30, 1)
,(556, 117, 31, '', '', 1.0, 1, 1, 85, 3, 1, 0, 30, 1)
,(557, 117, 1, '', '', 1.0, 1, 1, 86, 3, 1, 0, 30, 1)
,(558, 117, 5, '', '', 1.0, 1, 1, 87, 3, 1, 0, 30, 1)
,(559, 117, 28, '', '', 1.0, 1, 1, 88, 3, 1, 0, 30, 1)
,(560, 117, 6, '', '', 1.0, 1, 1, 89, 3, 1, 0, 30, 1)
,(561, 117, 4, '', '', 1.0, 1, 1, 90, 3, 1, 0, 30, 1)
,(562, 118, 30, '', '', 1.0, 1, 1, 91, 3, 1, 0, 30, 1)
,(563, 118, 31, '', '', 1.0, 1, 1, 92, 3, 1, 0, 30, 1)
,(564, 118, 1, '', '', 1.0, 1, 1, 93, 3, 1, 0, 30, 1)
,(565, 118, 5, '', '', 1.0, 1, 1, 94, 3, 1, 0, 30, 1)
,(566, 118, 28, '', '', 1.0, 1, 1, 95, 3, 1, 0, 30, 1)
,(567, 118, 6, '', '', 1.0, 1, 1, 96, 3, 1, 0, 30, 1)
,(568, 118, 4, '', '', 1.0, 1, 1, 97, 3, 1, 0, 30, 1)
,(569, 119, 30, '', '', 1.0, 1, 1, 98, 3, 1, 0, 30, 1)
,(570, 119, 31, '', '', 1.0, 1, 1, 99, 3, 1, 0, 30, 1)
,(571, 119, 1, '', '', 1.0, 1, 1, 100, 3, 1, 0, 30, 1)
,(572, 119, 5, '', '', 1.0, 1, 1, 101, 3, 1, 0, 30, 1)
,(573, 119, 28, '', '', 1.0, 1, 1, 102, 3, 1, 0, 30, 1)
,(574, 119, 6, '', '', 1.0, 1, 1, 103, 3, 1, 0, 30, 1)
,(575, 119, 4, '', '', 1.0, 1, 1, 104, 3, 1, 0, 30, 1)
,(576, 120, 30, '', '', 1.0, 1, 1, 105, 3, 1, 0, 30, 1)
,(577, 120, 31, '', '', 1.0, 1, 1, 106, 3, 1, 0, 30, 1)
,(578, 120, 1, '', '', 1.0, 1, 1, 107, 3, 1, 0, 30, 1)
,(579, 120, 5, '', '', 1.0, 1, 1, 108, 3, 1, 0, 30, 1)
,(580, 120, 28, '', '', 1.0, 1, 1, 109, 3, 1, 0, 30, 1)
,(581, 120, 6, '', '', 1.0, 1, 1, 110, 3, 1, 0, 30, 1)
,(582, 120, 4, '', '', 1.0, 1, 1, 111, 3, 1, 0, 30, 1)
,(583, 121, 30, '', '', 1.0, 1, 1, 112, 3, 1, 0, 30, 1)
,(584, 121, 31, '', '', 1.0, 1, 1, 113, 3, 1, 0, 30, 1)
,(585, 121, 1, '', '', 1.0, 1, 1, 114, 3, 1, 0, 30, 1)
,(586, 121, 5, '', '', 1.0, 1, 1, 115, 3, 1, 0, 30, 1)
,(587, 121, 28, '', '', 1.0, 1, 1, 116, 3, 1, 0, 30, 1)
,(588, 121, 6, '', '', 1.0, 1, 1, 117, 3, 1, 0, 30, 1)
,(589, 121, 4, '', '', 1.0, 1, 1, 118, 3, 1, 0, 30, 1)
,(590, 122, 30, '', '', 1.0, 1, 1, 119, 3, 1, 0, 30, 1)
,(591, 122, 31, '', '', 1.0, 1, 1, 120, 3, 1, 0, 30, 1)
,(592, 122, 1, '', '', 1.0, 1, 1, 121, 3, 1, 0, 30, 1)
,(593, 122, 5, '', '', 1.0, 1, 1, 122, 3, 1, 0, 30, 1)
,(594, 122, 28, '', '', 1.0, 1, 1, 123, 3, 1, 0, 30, 1)
,(595, 122, 6, '', '', 1.0, 1, 1, 124, 3, 1, 0, 30, 1)
,(596, 122, 4, '', '', 1.0, 1, 1, 125, 3, 1, 0, 30, 1)
,(597, 123, 30, '', '', 1.0, 1, 1, 126, 3, 1, 0, 30, 1)
,(598, 123, 31, '', '', 1.0, 1, 1, 127, 3, 1, 0, 30, 1)
,(599, 123, 1, '', '', 1.0, 1, 1, 128, 3, 1, 0, 30, 1)
,(600, 123, 5, '', '', 1.0, 1, 1, 129, 3, 1, 0, 30, 1)
,(601, 123, 28, '', '', 1.0, 1, 1, 130, 3, 1, 0, 30, 1)
,(602, 123, 6, '', '', 1.0, 1, 1, 131, 3, 1, 0, 30, 1)
,(603, 123, 4, '', '', 1.0, 1, 1, 132, 3, 1, 0, 30, 1)
,(604, 124, 30, '', '', 1.0, 1, 1, 133, 3, 1, 0, 30, 1)
,(605, 124, 31, '', '', 1.0, 1, 1, 134, 3, 1, 0, 30, 1)
,(606, 124, 1, '', '', 1.0, 1, 1, 135, 3, 1, 0, 30, 1)
,(607, 124, 5, '', '', 1.0, 1, 1, 136, 3, 1, 0, 30, 1)
,(608, 124, 28, '', '', 1.0, 1, 1, 137, 3, 1, 0, 30, 1)
,(609, 124, 6, '', '', 1.0, 1, 1, 138, 3, 1, 0, 30, 1)
,(610, 124, 4, '', '', 1.0, 1, 1, 139, 3, 1, 0, 30, 1)
,(611, 125, 30, '', '', 1.0, 1, 1, 140, 3, 1, 0, 30, 1)
,(612, 125, 31, '', '', 1.0, 1, 1, 141, 3, 1, 0, 30, 1)
,(613, 125, 1, '', '', 1.0, 1, 1, 142, 3, 1, 0, 30, 1)
,(614, 125, 5, '', '', 1.0, 1, 1, 143, 3, 1, 0, 30, 1)
,(615, 125, 28, '', '', 1.0, 1, 1, 144, 3, 1, 0, 30, 1)
,(616, 125, 6, '', '', 1.0, 1, 1, 145, 3, 1, 0, 30, 1)
,(617, 125, 4, '', '', 1.0, 1, 1, 146, 3, 1, 0, 30, 1)
,(618, 126, 30, '', '', 1.0, 1, 1, 147, 3, 1, 0, 30, 1)
,(619, 126, 31, '', '', 1.0, 1, 1, 148, 3, 1, 0, 30, 1)
,(620, 126, 1, '', '', 1.0, 1, 1, 149, 3, 1, 0, 30, 1)
,(621, 126, 5, '', '', 1.0, 1, 1, 150, 3, 1, 0, 30, 1)
,(622, 126, 28, '', '', 1.0, 1, 1, 151, 3, 1, 0, 30, 1)
,(623, 126, 6, '', '', 1.0, 1, 1, 152, 3, 1, 0, 30, 1)
,(624, 126, 4, '', '', 1.0, 1, 1, 153, 3, 1, 0, 30, 1)
,(625, 127, 30, '', '', 1.0, 1, 1, 154, 3, 1, 0, 30, 1)
,(626, 127, 31, '', '', 1.0, 1, 1, 155, 3, 1, 0, 30, 1)
,(627, 127, 1, '', '', 1.0, 1, 1, 156, 3, 1, 0, 30, 1)
,(628, 127, 5, '', '', 1.0, 1, 1, 157, 3, 1, 0, 30, 1)
,(629, 127, 28, '', '', 1.0, 1, 1, 158, 3, 1, 0, 30, 1)
,(630, 127, 6, '', '', 1.0, 1, 1, 159, 3, 1, 0, 30, 1)
,(631, 127, 4, '', '', 1.0, 1, 1, 160, 3, 1, 0, 30, 1)
,(632, 128, 30, '', '', 1.0, 1, 1, 161, 3, 1, 0, 30, 1)
,(633, 128, 31, '', '', 1.0, 1, 1, 162, 3, 1, 0, 30, 1)
,(634, 128, 1, '', '', 1.0, 1, 1, 163, 3, 1, 0, 30, 1)
,(635, 128, 5, '', '', 1.0, 1, 1, 164, 3, 1, 0, 30, 1)
,(636, 128, 28, '', '', 1.0, 1, 1, 165, 3, 1, 0, 30, 1)
,(637, 128, 6, '', '', 1.0, 1, 1, 166, 3, 1, 0, 30, 1)
,(638, 128, 4, '', '', 1.0, 1, 1, 167, 3, 1, 0, 30, 1)
,(639, 129, 30, '', '', 1.0, 1, 1, 168, 3, 1, 0, 30, 1)
,(640, 129, 31, '', '', 1.0, 1, 1, 169, 3, 1, 0, 30, 1)
,(641, 129, 1, '', '', 1.0, 1, 1, 170, 3, 1, 0, 30, 1)
,(642, 129, 5, '', '', 1.0, 1, 1, 171, 3, 1, 0, 30, 1)
,(643, 129, 28, '', '', 1.0, 1, 1, 172, 3, 1, 0, 30, 1)
,(644, 129, 6, '', '', 1.0, 1, 1, 173, 3, 1, 0, 30, 1)
,(645, 129, 4, '', '', 1.0, 1, 1, 174, 3, 1, 0, 30, 1)
,(646, 130, 30, '', '', 1.0, 1, 1, 175, 3, 1, 0, 30, 1)
,(647, 130, 31, '', '', 1.0, 1, 1, 176, 3, 1, 0, 30, 1)
,(648, 130, 1, '', '', 1.0, 1, 1, 177, 3, 1, 0, 30, 1)
,(649, 130, 5, '', '', 1.0, 1, 1, 178, 3, 1, 0, 30, 1)
,(650, 130, 28, '', '', 1.0, 1, 1, 179, 3, 1, 0, 30, 1)
,(651, 130, 6, '', '', 1.0, 1, 1, 180, 3, 1, 0, 30, 1)
,(652, 130, 4, '', '', 1.0, 1, 1, 181, 3, 1, 0, 30, 1)
,(653, 131, 30, '', '', 1.0, 1, 1, 182, 3, 1, 0, 30, 1)
,(654, 131, 31, '', '', 1.0, 1, 1, 183, 3, 1, 0, 30, 1)
,(655, 131, 1, '', '', 1.0, 1, 1, 184, 3, 1, 0, 30, 1)
,(656, 131, 5, '', '', 1.0, 1, 1, 185, 3, 1, 0, 30, 1)
,(657, 131, 28, '', '', 1.0, 1, 1, 186, 3, 1, 0, 30, 1)
,(658, 131, 6, '', '', 1.0, 1, 1, 187, 3, 1, 0, 30, 1)
,(659, 131, 4, '', '', 1.0, 1, 1, 188, 3, 1, 0, 30, 1)
,(660, 132, 30, '', '', 1.0, 1, 1, 189, 3, 1, 0, 30, 1)
,(661, 132, 31, '', '', 1.0, 1, 1, 190, 3, 1, 0, 30, 1)
,(662, 132, 1, '', '', 1.0, 1, 1, 191, 3, 1, 0, 30, 1)
,(663, 132, 5, '', '', 1.0, 1, 1, 192, 3, 1, 0, 30, 1)
,(664, 132, 28, '', '', 1.0, 1, 1, 193, 3, 1, 0, 30, 1)
,(665, 132, 6, '', '', 1.0, 1, 1, 194, 3, 1, 0, 30, 1)
,(666, 132, 4, '', '', 1.0, 1, 1, 195, 3, 1, 0, 30, 1)
,(667, 133, 30, '', '', 1.0, 1, 1, 196, 3, 1, 0, 30, 1)
,(668, 133, 31, '', '', 1.0, 1, 1, 197, 3, 1, 0, 30, 1)
,(669, 133, 1, '', '', 1.0, 1, 1, 198, 3, 1, 0, 30, 1)
,(670, 133, 5, '', '', 1.0, 1, 1, 199, 3, 1, 0, 30, 1)
,(671, 133, 28, '', '', 1.0, 1, 1, 200, 3, 1, 0, 30, 1)
,(672, 133, 6, '', '', 1.0, 1, 1, 201, 3, 1, 0, 30, 1)
,(673, 133, 4, '', '', 1.0, 1, 1, 202, 3, 1, 0, 30, 1)
,(674, 134, 30, '', '', 1.0, 1, 1, 203, 3, 1, 0, 30, 1)
,(675, 134, 31, '', '', 1.0, 1, 1, 204, 3, 1, 0, 30, 1)
,(676, 134, 1, '', '', 1.0, 1, 1, 205, 3, 1, 0, 30, 1)
,(677, 134, 5, '', '', 1.0, 1, 1, 206, 3, 1, 0, 30, 1)
,(678, 134, 28, '', '', 1.0, 1, 1, 207, 3, 1, 0, 30, 1)
,(679, 134, 6, '', '', 1.0, 1, 1, 208, 3, 1, 0, 30, 1)
,(680, 134, 4, '', '', 1.0, 1, 1, 209, 3, 1, 0, 30, 1)
,(681, 135, 30, '', '', 1.0, 1, 1, 210, 3, 1, 0, 30, 1)
,(682, 135, 31, '', '', 1.0, 1, 1, 211, 3, 1, 0, 30, 1)
,(683, 135, 1, '', '', 1.0, 1, 1, 212, 3, 1, 0, 30, 1)
,(684, 135, 5, '', '', 1.0, 1, 1, 213, 3, 1, 0, 30, 1)
,(685, 135, 28, '', '', 1.0, 1, 1, 214, 3, 1, 0, 30, 1)
,(686, 135, 6, '', '', 1.0, 1, 1, 215, 3, 1, 0, 30, 1)
,(687, 135, 4, '', '', 1.0, 1, 1, 216, 3, 1, 0, 30, 1)
,(688, 136, 30, '', '', 1.0, 1, 1, 217, 3, 1, 0, 30, 1)
,(689, 136, 31, '', '', 1.0, 1, 1, 218, 3, 1, 0, 30, 1)
,(690, 136, 1, '', '', 1.0, 1, 1, 219, 3, 1, 0, 30, 1)
,(691, 136, 5, '', '', 1.0, 1, 1, 220, 3, 1, 0, 30, 1)
,(692, 136, 28, '', '', 1.0, 1, 1, 221, 3, 1, 0, 30, 1)
,(693, 136, 6, '', '', 1.0, 1, 1, 222, 3, 1, 0, 30, 1)
,(694, 136, 4, '', '', 1.0, 1, 1, 223, 3, 1, 0, 30, 1)
,(695, 137, 30, '', '', 1.0, 1, 1, 224, 3, 1, 0, 30, 1)
,(696, 137, 31, '', '', 1.0, 1, 1, 225, 3, 1, 0, 30, 1)
,(697, 137, 1, '', '', 1.0, 1, 1, 226, 3, 1, 0, 30, 1)
,(698, 137, 5, '', '', 1.0, 1, 1, 227, 3, 1, 0, 30, 1)
,(699, 137, 28, '', '', 1.0, 1, 1, 228, 3, 1, 0, 30, 1)
,(700, 137, 6, '', '', 1.0, 1, 1, 229, 3, 1, 0, 30, 1)
,(701, 137, 4, '', '', 1.0, 1, 1, 230, 3, 1, 0, 30, 1)
,(702, 138, 30, '', '', 1.0, 1, 1, 231, 3, 1, 0, 30, 1)
,(703, 138, 31, '', '', 1.0, 1, 1, 232, 3, 1, 0, 30, 1)
,(704, 138, 1, '', '', 1.0, 1, 1, 233, 3, 1, 0, 30, 1)
,(705, 138, 5, '', '', 1.0, 1, 1, 234, 3, 1, 0, 30, 1)
,(706, 138, 28, '', '', 1.0, 1, 1, 235, 3, 1, 0, 30, 1)
,(707, 138, 6, '', '', 1.0, 1, 1, 236, 3, 1, 0, 30, 1)
,(708, 138, 4, '', '', 1.0, 1, 1, 237, 3, 1, 0, 30, 1)
,(709, 139, 30, '', '', 1.0, 1, 1, 238, 3, 1, 0, 30, 1)
,(710, 139, 31, '', '', 1.0, 1, 1, 239, 3, 1, 0, 30, 1)
,(711, 139, 1, '', '', 1.0, 1, 1, 240, 3, 1, 0, 30, 1)
,(712, 139, 5, '', '', 1.0, 1, 1, 241, 3, 1, 0, 30, 1)
,(713, 139, 28, '', '', 1.0, 1, 1, 242, 3, 1, 0, 30, 1)
,(714, 139, 6, '', '', 1.0, 1, 1, 243, 3, 1, 0, 30, 1)
,(715, 139, 4, '', '', 1.0, 1, 1, 244, 3, 1, 0, 30, 1);
