USE `kutu`;

DELETE FROM disziplin;

INSERT INTO disziplin
(id, name, ord)
VALUES
 (1, 'Boden', 1)
,(2, 'Pferd Pauschen', 2)
,(3, 'Ring', 3)
,(4, 'Sprung', 4)
,(5, 'Barren', 5)
,(6, 'Reck', 6)
;

INSERT INTO disziplin
(id, name, ord)
VALUES
 (7, 'Arm-Rumpf-Winkel vorlings', 1)
,(8, 'Arm-Rumpf-Winkel rücklings', 2)
,(9, 'Ein- und Ausschultern', 3)
,(10, 'Brücke', 4)
,(11, 'Rumpfbeugen vorwärts', 5)
,(12, 'Querspagat rechts', 6)
,(13, 'Querspagat links', 7)
,(14, 'Seitspagat', 8)
,(15, 'Sprint', 9)
;

INSERT INTO disziplin
(id, name, ord)
VALUES
 (16, 'Standweitsprung', 10)
,(17, 'Hangeln / Klettern / Klimmzug', 11)
,(18, 'Beugestütz / Liegestütz', 12)
,(19, 'Handstand', 13)
,(20, 'Schweizer zum Handstand / Wiener zum Handstand', 14)
,(21, 'Manna / Spitzwinkelstütz / Winkelstütz / Hockwinkelstütz', 15)
,(22, 'Beinheben an der Sprossenwand', 16)
,(23, 'Hangwaage rücklings / Sturzhänge', 17)
,(24, 'Stützwaage gehockt', 18)
,(25, 'Pilz Kreisen beider Beine', 19)
;

INSERT INTO disziplin
(id, name, ord)
VALUES
 (26, 'Schaukelringe', 7)
;

DELETE FROM programm;

INSERT INTO programm
(id, parent_id, name, aggregate)
VALUES(1, null, 'Athletiktest', 0);

INSERT INTO programm
(id, parent_id, name, aggregate, ord)
VALUES(2, 1, 'Athletiktest Beweglichkeit', 1, 2);

INSERT INTO programm
(id, parent_id, name, aggregate, ord)
VALUES(3, 1, 'Athletiktest Kraft', 1, 1);

INSERT INTO programm
(id, parent_id, name, aggregate)
VALUES(11, null, 'KuTu-Wettkampf', 0);

INSERT INTO programm
(id, parent_id, name, aggregate, ord)
VALUES
 (12, 11, 'EP', 0, 1)
,(13, 11, 'P1-U9', 0, 2)
,(14, 11, 'P1', 0, 3)
,(15, 11, 'P2', 0, 4)
,(16, 11, 'P3', 0, 5)
,(17, 11, 'P4', 0, 6)
,(18, 11, 'P5', 0, 7)
,(19, 11, 'P6', 0, 8)
;

INSERT INTO programm
(id, parent_id, name, aggregate)
VALUES(20, null, 'GeTu-Wettkampf', 0);

INSERT INTO programm
(id, parent_id, name, aggregate, ord)
VALUES
 (21, 20, 'K1', 0, 1)
,(22, 20, 'K2', 0, 2)
,(23, 20, 'K3', 0, 3)
,(24, 20, 'K4', 0, 4)
,(25, 20, 'K5', 0, 5)
,(26, 20, 'K6', 0, 6)
;

DELETE FROM wettkampfdisziplin;
-- Athletiktest Beweglichkeit (2 (4, 6, 8) -> 7-14)
INSERT INTO wettkampfdisziplin
(programm_id, disziplin_id, notenfaktor)
VALUES
 (2, 7, 3.000)
,(2, 8, 3.000)
,(2, 9, 3.000)
,(2, 10, 3.000)
,(2, 11, 3.000)
,(2, 12, 3.000)
,(2, 13, 3.000)
,(2, 14, 3.000)
;
-- Athletiktest Kraft (3 (5,7,9) -> 15-25)
INSERT INTO wettkampfdisziplin
(programm_id, disziplin_id)
VALUES
 (3, 15)
,(3, 16)
,(3, 17)
,(3, 18)
,(3, 19)
,(3, 20)
,(3, 21)
,(3, 22)
,(3, 23)
,(3, 24)
,(3, 25)
;

-- EP-Wettkampfgeräte (12 -> 1-6)
INSERT INTO wettkampfdisziplin
(programm_id, disziplin_id)
VALUES
 (12, 1)
,(12, 2)
,(12, 3)
,(12, 4)
,(12, 5)
,(12, 6)
;

-- P1-U9-Wettkampfgeräte (13 -> 1-6)
INSERT INTO wettkampfdisziplin
(programm_id, disziplin_id)
VALUES
 (13, 1)
,(13, 2)
,(13, 3)
,(13, 4)
,(13, 5)
,(13, 6)
;

-- P1-Wettkampfgeräte (14 -> 1-6)
INSERT INTO wettkampfdisziplin
(programm_id, disziplin_id)
VALUES
 (14, 1)
,(14, 2)
,(14, 3)
,(14, 4)
,(14, 5)
,(14, 6)
;

-- P2-Wettkampfgeräte (15 -> 1-6)
INSERT INTO wettkampfdisziplin
(programm_id, disziplin_id)
VALUES
 (15, 1)
,(15, 2)
,(15, 3)
,(15, 4)
,(15, 5)
,(15, 6)
;

-- P3-Wettkampfgeräte (16 -> 1-6)
INSERT INTO wettkampfdisziplin
(programm_id, disziplin_id)
VALUES
 (16, 1)
,(16, 2)
,(16, 3)
,(16, 4)
,(16, 5)
,(16, 6)
;

-- P4-Wettkampfgeräte (17 -> 1-6)
INSERT INTO wettkampfdisziplin
(programm_id, disziplin_id)
VALUES
 (17, 1)
,(17, 2)
,(17, 3)
,(17, 4)
,(17, 5)
,(17, 6)
;

-- P5-Wettkampfgeräte (18 -> 1-6)
INSERT INTO wettkampfdisziplin
(programm_id, disziplin_id)
VALUES
 (18, 1)
,(18, 2)
,(18, 3)
,(18, 4)
,(18, 5)
,(18, 6)
;

-- P6-Wettkampfgeräte (19 -> 1-6)
INSERT INTO wettkampfdisziplin
(programm_id, disziplin_id)
VALUES
 (19, 1)
,(19, 2)
,(19, 3)
,(19, 4)
,(19, 5)
,(19, 6)
;

-- K1-K6-Wettkampfgeräte (21 - 26 mit 1-6 + 26)
INSERT INTO wettkampfdisziplin
(programm_id, disziplin_id)
VALUES
 (21, 1)
,(21, 2)
,(21, 3)
,(21, 4)
,(21, 5)
,(21, 6)
,(21, 26)
,(22, 1)
,(22, 2)
,(22, 3)
,(22, 4)
,(22, 5)
,(22, 6)
,(22, 26)
,(23, 1)
,(23, 2)
,(23, 3)
,(23, 4)
,(23, 5)
,(23, 6)
,(23, 26)
,(24, 1)
,(24, 2)
,(24, 3)
,(24, 4)
,(24, 5)
,(24, 6)
,(24, 26)
,(25, 1)
,(25, 2)
,(25, 3)
,(25, 4)
,(25, 5)
,(25, 6)
,(25, 26)
,(26, 1)
,(26, 2)
,(26, 3)
,(26, 4)
,(26, 5)
,(26, 6)
,(26, 26)
;

DELETE FROM verein;
INSERT INTO verein
(name)
VALUES
 ('BTV Basel')
,('TV Seltisberg')
,('TV Nunningen')
,('AS Pratteln')
,('NKL')
;

DELETE FROM athlet;
-- INSERT INTO athlet
-- (name, vorname, gebdat, verein)
-- VALUES('x', 'y', '2005-06-29', 1);


DELETE FROM notenskala;

-- ARW vorlings
INSERT INTO notenskala (wettkampfdisziplin_id,kurzbeschreibung,punktwert) VALUES 
 (1,'ARW > 180° - Rücken gestreckt - BRW klein',12.000)
,(1,'ARW > 180° - Rücken gestreckt - BRW klein',11.000)
,(1,'ARW = 180° - Rücken gestreckt - BRW klein',10.000)
,(1,'ARW = 180° - Rücken gestreckt - BRW klein',9.000)
,(1,'ARW < 180° - Rücken gestreckt - BRW klein',8.000)
,(1,'ARW < 180° - Rücken gestreckt - BRW klein',7.000)
,(1,'ARW < 180° - Rücken leicht gekrümmt - BRW klein',6.000)
,(1,'ARW < 180° - Rücken leicht gekrümmt - BRW klein',5.000)
,(1,'ARW < 180° - Rücken gekrümmt - BRW klein',4.000)
,(1,'ARW < 180° - Rücken gekrümmt - BRW klein',3.000)
,(1,'ARW < 180° - Rücken stark gekrümmt - BRW klein',2.000)
,(1,'ARW < 180° - Rücken stark gekrümmt - BRW klein',1.000)
;
INSERT INTO notenskala (wettkampfdisziplin_id,kurzbeschreibung,punktwert) VALUES 
 (2,'<= 5.0 cm',12.000)
,(2,'5.1-6.9cm',11.000)
,(2,'7.0-8.9cm',10.000)
,(2,'9.0-10.9cm',9.000)
,(2,'11.0-12.9cm',8.000)
,(2,'13.0-14.9cm',7.000)
,(2,'15.0-16.9cm',6.000)
,(2,'17.0-18.9cm',5.000)
,(2,'19.0-20.9cm',4.000)
,(2,'21.0-22.9cm',3.000)
,(2,'23.0-24.9cm',2.000)
,(2,'25.0-27.0cm',1.000)
,(2,'>=27.0cm',0.000)
;
INSERT INTO notenskala (wettkampfdisziplin_id,kurzbeschreibung,punktwert) VALUES 
 (3,'Unter Schulterbreite',12.000)
,(3,'Unter Schulterbreite',11.000)
,(3,'In Schulterbreite',10.000)
,(3,'In Schulterbreite',9.000)
,(3,'Armstellung 30° u. weniger',8.000)
,(3,'Armstellung 30° u. weniger',7.000)
,(3,'Armstellung 45° u. weniger',6.000)
,(3,'Armstellung 45° u. weniger',5.000)
,(3,'Armstellung 45°',4.000)
,(3,'Armstellung 45°',3.000)
,(3,'Armstellung über 45°',2.000)
,(3,'Armstellung über 45°',1.000)
;
INSERT INTO notenskala (wettkampfdisziplin_id,kurzbeschreibung,punktwert) VALUES 
 (4,'Schulter hinter den Händen - Beine u. Arme gestreckt - Beine geschlossen',12.000)
,(4,'Schulter hinter den Händen - Beine u. Arme gestreckt - Beine geschlossen',11.000)
,(4,'Schulter über den Händen - Beine u. Arme gestreckt - Beine geschlossen',10.000)
,(4,'Schulter über den Händen - Beine u. Arme gestreckt - Beine geschlossen',9.000)
,(4,'Schulter vor den Händen - Beine u. Arme gestreckt - Beine geschlossen',8.000)
,(4,'Schulter vor den Händen - Beine u. Arme gestreckt - Beine geschlossen',7.000)
,(4,'Schulter vor den Händen - Knie und/oder Arme leicht gebeugt - Beine leicht offen',6.000)
,(4,'Schulter vor den Händen - Knie und/oder Arme leicht gebeugt - Beine leicht offen',5.000)
,(4,'Schulter vor den Händen - Knie und/oder Arme gebeugt - Beine offen',4.000)
,(4,'Schulter vor den Händen - Knie und/oder Arme gebeugt - Beine offen',3.000)
,(4,'Schulter vor den Händen - Knie und/oder Arme stark gebeugt - Beine offen',2.000)
,(4,'Schulter vor den Händen - Knie und/oder Arme stark gebeugt - Beine offen',1.000)
;
INSERT INTO notenskala (wettkampfdisziplin_id,kurzbeschreibung,punktwert) VALUES 
 (5,'Souveräne Bodenberührung des ganzen Brustbeins - Rücken gestreckt',12.000)
,(5,'Souveräne Bodenberührung des ganzen Brustbeins - Rücken gestreckt',11.000)
,(5,'Flüchtige Bodenberührung des Brustbeins - Rücken gestreckt',10.000)
,(5,'Flüchtige Bodenberührung des Brustbeins - Rücken gestreckt',9.000)
,(5,'Knapp keine Bodenberührung des Brustbeins - Rücken gestreckt',8.000)
,(5,'Knapp keine Bodenberührung des Brustbeins - Rücken gestreckt',7.000)
,(5,'Keine Bodenberührung des Brustbeins - Rücken leicht gekrümmt',6.000)
,(5,'Keine Bodenberührung des Brustbeins - Rücken leicht gekrümmt',5.000)
,(5,'Brustbein eindeutig vom Boden entfernt - Rücken gekrümmt',4.000)
,(5,'Brustbein eindeutig vom Boden entfernt - Rücken gekrümmt',3.000)
,(5,'Brustbein weit vom Boden entfernt - Rücken stark gekrümmt - Kopf nach vorne geneigt',2.000)
,(5,'Brustbein weit vom Boden entfernt - Rücken stark gekrümmt - Kopf nach vorne geneigt',1.000)
;
INSERT INTO notenskala (wettkampfdisziplin_id,kurzbeschreibung,punktwert) VALUES 
 (6,'Beine auf einer Linie - Hint. Bein nach unten - Kein oder min. Schrittspalt - Hüfte in 90°-45° zur Beinlinie',12.000)
,(6,'Beine auf einer Linie - Hint. Bein nach unten - Kein oder min. Schrittspalt - Hüfte in 90°-45° zur Beinlinie',11.000)
,(6,'Beine auf einer Linie - Hint. Bein leicht ausgedreht - Minimaler Schrittspalt - Hüfte in 90°-45° zur Beinlinie',10.000)
,(6,'Beine auf einer Linie - Hint. Bein leicht ausgedreht - Minimaler Schrittspalt - Hüfte in 90°-45° zur Beinlinie',9.000)
,(6,'Beine beinahe auf einer Linie - Hint. Bein leicht ausgedreht od. leicht gebeugt - Kleiner Schrittspalt - Hüfte in <45° zur Beinlinie',8.000)
,(6,'Beine beinahe auf einer Linie - Hint. Bein leicht ausgedreht od. leicht gebeugt - Kleiner Schrittspalt - Hüfte in <45° zur Beinlinie',7.000)
,(6,'Beine nicht auf einer Linie - Hint. Bein leicht ausgedreht und gebeugt - Minimaler Schrittspalt - Hüfte in <45° zur Beinlinie',6.000)
,(6,'Beine nicht auf einer Linie - Hint. Bein leicht ausgedreht und gebeugt - Minimaler Schrittspalt - Hüfte in <45° zur Beinlinie',5.000)
,(6,'Beine nicht auf einer Linie - Hint. Bein leicht ausgedreht und gebeugt - Grosser Schrittspalt - Hüfte in <45° zur Beinlinie',4.000)
,(6,'Beine nicht auf einer Linie - Hint. Bein leicht ausgedreht und gebeugt - Grosser Schrittspalt - Hüfte in <45° zur Beinlinie',3.000)
,(6,'Beine nicht auf einer Linie - Hint. Bein leicht ausgedreht und stark gebeugt - Grosser Schrittspalt - Hüfte in <45° zur Beinlinie',2.000)
,(6,'Beine nicht auf einer Linie - Hint. Bein leicht ausgedreht und stark gebeugt - Grosser Schrittspalt - Hüfte in <45° zur Beinlinie',1.000)
;
INSERT INTO notenskala (wettkampfdisziplin_id,kurzbeschreibung,punktwert) VALUES 
 (7,'Beine auf einer Linie - Hint. Bein nach unten - Kein oder min. Schrittspalt - Hüfte in 90°-45° zur Beinlinie',12.000)
,(7,'Beine auf einer Linie - Hint. Bein nach unten - Kein oder min. Schrittspalt - Hüfte in 90°-45° zur Beinlinie',11.000)
,(7,'Beine auf einer Linie - Hint. Bein leicht ausgedreht - Minimaler Schrittspalt - Hüfte in 90°-45° zur Beinlinie',10.000)
,(7,'Beine auf einer Linie - Hint. Bein leicht ausgedreht - Minimaler Schrittspalt - Hüfte in 90°-45° zur Beinlinie',9.000)
,(7,'Beine beinahe auf einer Linie - Hint. Bein leicht ausgedreht od. leicht gebeugt - Kleiner Schrittspalt - Hüfte in <45° zur Beinlinie',8.000)
,(7,'Beine beinahe auf einer Linie - Hint. Bein leicht ausgedreht od. leicht gebeugt - Kleiner Schrittspalt - Hüfte in <45° zur Beinlinie',7.000)
,(7,'Beine nicht auf einer Linie - Hint. Bein leicht ausgedreht und gebeugt - Minimaler Schrittspalt - Hüfte in <45° zur Beinlinie',6.000)
,(7,'Beine nicht auf einer Linie - Hint. Bein leicht ausgedreht und gebeugt - Minimaler Schrittspalt - Hüfte in <45° zur Beinlinie',5.000)
,(7,'Beine nicht auf einer Linie - Hint. Bein leicht ausgedreht und gebeugt - Grosser Schrittspalt - Hüfte in <45° zur Beinlinie',4.000)
,(7,'Beine nicht auf einer Linie - Hint. Bein leicht ausgedreht und gebeugt - Grosser Schrittspalt - Hüfte in <45° zur Beinlinie',3.000)
,(7,'Beine nicht auf einer Linie - Hint. Bein leicht ausgedreht und stark gebeugt - Grosser Schrittspalt - Hüfte in <45° zur Beinlinie',2.000)
,(7,'Beine nicht auf einer Linie - Hint. Bein leicht ausgedreht und stark gebeugt - Grosser Schrittspalt - Hüfte in <45° zur Beinlinie',1.000)
;
INSERT INTO notenskala (wettkampfdisziplin_id,kurzbeschreibung,punktwert) VALUES 
 (8,'Beine auf einer Linie - Beine sind ausgedreht - Kein Schrittspalt - Rücken gestreckt - Oberkörper aufrecht - Arme in Seithalte',12.000)
,(8,'Beine auf einer Linie - Beine sind ausgedreht - Kein Schrittspalt - Rücken gestreckt - Oberkörper aufrecht - Arme in Seithalte',11.000)
,(8,'Beine auf einer Linie - Beine sind nicht ausgedreht - Kein Schrittspalt - Rücken gestreckt - Oberkörper aufrecht - Arme in Seithalte',10.000)
,(8,'Beine auf einer Linie - Beine sind nicht ausgedreht - Kein Schrittspalt - Rücken gestreckt - Oberkörper aufrecht - Arme in Seithalte',9.000)
,(8,'Beine nicht auf einer Linie - Beine sind nicht ausgedreht - Kleiner Schrittspalt - Rücken gestreckt - Oberkörper neigt nach vorne - Hände stützen ev. auf',8.000)
,(8,'Beine nicht auf einer Linie - Beine sind nicht ausgedreht - Kleiner Schrittspalt - Rücken gestreckt - Oberkörper neigt nach vorne - Hände stützen ev. auf',7.000)
,(8,'Beine nicht auf einer Linie - Beine sind nicht ausgedreht - Kleiner bis mittlerer Schrittspalt - Rücken gestreckt - Oberkörper neigt nach vorne - Hände stützen ev. auf',6.000)
,(8,'Beine nicht auf einer Linie - Beine sind nicht ausgedreht - Kleiner bis mittlerer Schrittspalt - Rücken gestreckt - Oberkörper neigt nach vorne - Hände stützen ev. auf',5.000)
,(8,'Beine nicht auf einer Linie - Beine sind nicht ausgedreht - Mittlerer Schrittspalt - Rücken gestreckt - Oberkörper neigt stark nach vorne - Hände stützen ev. auf',4.000)
,(8,'Beine nicht auf einer Linie - Beine sind nicht ausgedreht - Mittlerer Schrittspalt - Rücken gestreckt - Oberkörper neigt stark nach vorne - Hände stützen ev. auf',3.000)
,(8,'Beine nicht auf einer Linie - Beine sind nicht ausgedreht - Mittlerer Schrittspalt - Rücken gestreckt - Oberkörper neigt stark nach vorne - Hände stützen auf',2.000)
,(8,'Beine nicht auf einer Linie - Beine sind nicht ausgedreht - Mittlerer Schrittspalt - Rücken gestreckt - Oberkörper neigt stark nach vorne - Hände stützen auf',1.000)
;

-- Sprint (9)
INSERT INTO notenskala (wettkampfdisziplin_id,kurzbeschreibung,punktwert) VALUES 
 (9,'3.0sek',96.000)
,(9,'3.05sek',94.000)
,(9,'3.1sek',92.000)
,(9,'3.15sek',90.000)
,(9,'3.2sek',88.000)
,(9,'3.25sek',86.000)
,(9,'3.3sek',84.000)
,(9,'3.35sek',82.000)
,(9,'3.4sek',80.000)
,(9,'3.45sek',78.000)
,(9,'3.5sek',76.000)
,(9,'3.55sek',74.000)
,(9,'3.6sek',69.000)
,(9,'3.65sek',67.000)
,(9,'3.7sek',65.000)
,(9,'3.75sek',64.000)
,(9,'3.8sek',63.000)
,(9,'3.85sek',62.000)
,(9,'3.9sek',61.000)
,(9,'3.95sek',60.000)
,(9,'4.0sek',59.000)
,(9,'4.05sek',58.000)
,(9,'4.1sek',57.000)
,(9,'4.15sek',56.000)
,(9,'4.2sek',55.000)
,(9,'4.25sek',54.000)
,(9,'4.3sek',53.000)
,(9,'4.35sek',52.000)
,(9,'4.4sek',51.000)
,(9,'4.45sek',50.000)
,(9,'4.5sek',49.000)
,(9,'4.55sek',48.000)
,(9,'4.6sek',46.000)
,(9,'4.65sek',44.000)
,(9,'4.7sek',40.000)
,(9,'4.75sek',38.000)
,(9,'4.8sek',36.000)
,(9,'4.85sek',34.000)
,(9,'4.9sek',32.000)
,(9,'4.95sek',30.000)
,(9,'5.0sek',28.000)
,(9,'5.05sek',26.000)
,(9,'5.1sek',24.000)
,(9,'5.15sek',22.000)
,(9,'5.2sek',20.000)
,(9,'5.25sek',18.000)
,(9,'5.3sek',16.000)
,(9,'5.35sek',14.000)
,(9,'5.4sek',12.000)
,(9,'5.45sek',9.000)
,(9,'5.5sek',6.000)
,(9,'5.55sek',3.000)
,(9,'5.6sek',1.000)
;
-- Standweitsprung (10)
INSERT INTO notenskala (wettkampfdisziplin_id,kurzbeschreibung,punktwert) VALUES 
(10,'2.40m',96.000)
,(10,'2.35m',94.000)
,(10,'2.30m',92.000)
,(10,'2.25m',90.000)
,(10,'2.20m',88.000)
,(10,'2.15m',86.000)
,(10,'2.10m',84.000)
,(10,'2.05m',82.000)
,(10,'2.00m',80.000)
,(10,'1.95m',78.000)
,(10,'1.90m',76.000)
,(10,'1.85m',74.000)
,(10,'1.80m',72.000)
,(10,'1.75m',69.000)
,(10,'1.70m',67.000)
,(10,'1.65m',65.000)
,(10,'1.60m',63.000)
,(10,'1.55m',61.000)
,(10,'1.50m',59.000)
,(10,'1.45m',57.000)
,(10,'1.40m',55.000)
,(10,'1.35m',53.000)
,(10,'1.30m',51.000)
,(10,'1.25m',49.000)
,(10,'1.20m',46.000)
,(10,'1.15m',44.000)
,(10,'1.10m',40.000)
,(10,'1.05m',38.000)
,(10,'1.00m',36.000)
,(10,'0.95m',32.000)
,(10,'0.90m',28.000)
,(10,'0.85m',24.000)
,(10,'0.80m',20.000)
,(10,'0.75m',16.000)
,(10,'0.70m',12.000)
,(10,'0.65m',6.000)
,(10,'0.60m',1.000)
;
-- Hangeln Klettern Klimmzug (11)
INSERT INTO notenskala (wettkampfdisziplin_id,kurzbeschreibung,punktwert) VALUES 
 (11,'Hangeln 6.4sek',96.000)
,(11,'Hangeln 6.5sek',95.000)
,(11,'Hangeln 6.6sek',94.000)
,(11,'Hangeln 6.7sek',93.000)
,(11,'Hangeln 6.8sek',92.000)
,(11,'Hangeln 7.0sek',91.000)
,(11,'Hangeln 7.2sek',90.000)
,(11,'Hangeln 7.4sek',89.000)
,(11,'Hangeln 7.6sek',88.000)
,(11,'Hangeln 7.8sek',87.000)
,(11,'Hangeln 8.0sek',86.000)
,(11,'Hangeln 8.2sek',85.000)
,(11,'Hangeln 8.4sek',84.000)
,(11,'Hangeln 8.6sek',83.000)
,(11,'Hangeln 8.8sek',82.000)
,(11,'Hangeln 9.0sek',81.000)
,(11,'Hangeln 9.2sek',80.000)
,(11,'Hangeln 9.4sek',79.000)
,(11,'Hangeln 9.6sek',78.000)
,(11,'Hangeln 9.8sek',77.000)
,(11,'Hangeln 10.0sek',76.000)
,(11,'Hangeln 10.2sek',75.000)
,(11,'Hangeln 10.4sek',74.000)
,(11,'Hangeln 10.6sek',73.000)
,(11,'Hangeln 10.8sek',72.000)
,(11,'Hangeln 11.0sek',71.000)
,(11,'Hangeln 11.2sek',69.000)
,(11,'Hangeln 11.4sek',68.000)
,(11,'Hangeln ohne Zeit',67.000)
,(11,'Klettern 8.0sek',66.000)
,(11,'Klettern 8.3sek',65.000)
,(11,'Klettern 8.6sek',64.000)
,(11,'Klettern 8.8sek',63.000)
,(11,'Klettern 9.0sek',62.000)
,(11,'Klettern 9.2sek',60.000)
,(11,'Klettern 9.3sek',59.000)
,(11,'Klettern 9.4sek',58.000)
,(11,'Klettern 9.5sek',57.000)
,(11,'Klettern 9.6sek',56.000)
,(11,'Klettern 9.7sek',55.000)
,(11,'Klettern 9.8sek',54.000)
,(11,'Klettern 9.9sek',53.000)
,(11,'Klettern 10.0sek',52.000)
,(11,'Klettern 10.1sek',51.000)
,(11,'Klettern 10.2sek',50.000)
,(11,'Klettern 10.5sek',49.000)
,(11,'Klettern 11.0sek',48.000)
,(11,'Klettern 11.5sek',46.000)
,(11,'Klettern 12.0sek',44.000)
,(11,'Klettern 12.5sek',40.000)
,(11,'Klettern 13.0sek',38.000)
,(11,'Klettern 13.5sek',36.000)
,(11,'Klettern 14.0sek',34.000)
,(11,'Klettern 14.5sek',32.000)
,(11,'Klettern 15.0sek',30.000)
,(11,'Klettern ohne Zeit 4m',28.000)
,(11,'Klettern ohne Zeit 3m',24.000)
,(11,'5 x Klimmzug',22.000)
,(11,'4 x Klimmzug',20.000)
,(11,'3 x Klimmzug',18.000)
,(11,'2 x Klimmzug',16.000)
,(11,'1 x Klimmzug',14.000)
,(11,'Klimmzug halten 10sek',12.000)
,(11,'Klimmzug halten 8sek',9.000)
,(11,'Klimmzug halten 6sek',6.000)
,(11,'Klimmzug halten 4sek',3.000)
,(11,'Klimmzug halten 2sek',1.000)
;
-- Beugestütz, Liegestütz: Ringe/Barren/Boden (12)
INSERT INTO notenskala (wettkampfdisziplin_id,kurzbeschreibung,punktwert) VALUES 
 (12,'Ringe 20x',96.000)
,(12,'Ringe 19x',95.000)
,(12,'Ringe 18x',94.000)
,(12,'Ringe 17x',93.000)
,(12,'Ringe 16x',92.000)
,(12,'Ringe 15x',91.000)
,(12,'Ringe 14x',90.000)
,(12,'Ringe 12x',89.000)
,(12,'Ringe 10x',88.000)
,(12,'Ringe 8x',87.000)
,(12,'Barren 50x',86.000)
,(12,'Barren 48x',85.000)
,(12,'Barren 47x',84.000)
,(12,'Barren 46x',83.000)
,(12,'Barren 45x',82.000)
,(12,'Barren 44x',81.000)
,(12,'Barren 43x',80.000)
,(12,'Barren 42x',79.000)
,(12,'Barren 41x',78.000)
,(12,'Barren 40x',77.000)
,(12,'Barren 39x',76.000)
,(12,'Barren 38x',75.000)
,(12,'Barren 37x',74.000)
,(12,'Barren 36x',73.000)
,(12,'Barren 35x',72.000)
,(12,'Barren 34x',71.000)
,(12,'Barren 33x',69.000)
,(12,'Barren 32x',68.000)
,(12,'Barren 31x',67.000)
,(12,'Barren 30x',66.000)
,(12,'Barren 29x',65.000)
,(12,'Barren 28x',64.000)
,(12,'Barren 27x',63.000)
,(12,'Barren 26x',62.000)
,(12,'Barren 25x',61.000)
,(12,'Barren 24x',60.000)
,(12,'Barren 23x',59.000)
,(12,'Barren 22x',58.000)
,(12,'Barren 21x',57.000)
,(12,'Barren 20x',56.000)
,(12,'Barren 19x',55.000)
,(12,'Barren 18x',45.000)
,(12,'Barren 17x',53.000)
,(12,'Barren 16x',52.000)
,(12,'Barren 15x',51.000)
,(12,'Barren 14x',50.000)
,(12,'Barren 13x',49.000)
,(12,'Barren 12x',48.000)
,(12,'Barren 11x',46.000)
,(12,'Barren 10x',44.000)
,(12,'Barren 9x',40.000)
,(12,'Barren 8x',38.000)
,(12,'Barren 7x',36.000)
,(12,'Barren 6x',34.000)
,(12,'Barren 5x',32.000)
,(12,'Barren 4x',30.000)
,(12,'Barren 3x',28.000)
,(12,'Barren 2x',26.000)
,(12,'Barren 1x',24.000)
,(12,'Liegestütz 10x',22.000)
,(12,'Liegestütz 9x',20.000)
,(12,'Liegestütz 8x',18.000)
,(12,'Liegestütz 7x',16.000)
,(12,'Liegestütz 6x',14.000)
,(12,'Liegestütz 5x',12.000)
,(12,'Liegestütz 4x',9.000)
,(12,'Liegestütz 3x',6.000)
,(12,'Liegestütz 2x',3.000)
,(12,'Liegestütz 1x',1.000)
;
-- Handstand Ringe/Klötze (13)
INSERT INTO notenskala (wettkampfdisziplin_id,kurzbeschreibung,punktwert) VALUES 
 (13,'30sek',96.000)
,(13,'29sek',94.000)
,(13,'28sek',92.000)
,(13,'27sek',90.000)
,(13,'26sek',88.000)
,(13,'25sek',86.000)
,(13,'24sek',84.000)
,(13,'23sek',82.000)
,(13,'22sek',80.000)
,(13,'21sek',78.000)
,(13,'20sek',76.000)
,(13,'19sek',74.000)
,(13,'18sek',72.000)
,(13,'17sek',69.000)
,(13,'16sek',67.000)
,(13,'15sek',65.000)
,(13,'14sek',60.000)
,(13,'13sek',61.000)
,(13,'12sek',59.000)
,(13,'11sek',57.000)
,(13,'10sek',55.000)
,(13,'9sek',53.000)
,(13,'8sek',51.000)
,(13,'7sek',49.000)
,(13,'6sek',46.000)
,(13,'5sek',40.000)
,(13,'4sek',36.000)
,(13,'3sek',34.000)
,(13,'2sek',32.000)
,(13,'a.d.Wand 30sek',28.000)
,(13,'a.d.Wand 25sek',24.000)
,(13,'a.d.Wand 20sek',20.000)
,(13,'a.d.Wand 15sek',16.000)
,(13,'a.d.Wand 10sek',12.000)
,(13,'a.d.Wand 5sek',6.000)
,(13,'a.d.Wand 2sek',1.000)
;
-- Schweizer/Wiener Minibarren,Klötze (14)
INSERT INTO notenskala (wettkampfdisziplin_id,kurzbeschreibung,punktwert) VALUES 
 (14,'36 Schweizerpunkte',96.000)
,(14,'35 Schweizerpunkte',94.000)
,(14,'34 Schweizerpunkte',92.000)
,(14,'33 Schweizerpunkte',90.000)
,(14,'32 Schweizerpunkte',88.000)
,(14,'31 Schweizerpunkte',86.000)
,(14,'30 Schweizerpunkte',84.000)
,(14,'29 Schweizerpunkte',82.000)
,(14,'28 Schweizerpunkte',80.000)
,(14,'27 Schweizerpunkte',78.000)
,(14,'26 Schweizerpunkte',76.000)
,(14,'25 Schweizerpunkte',74.000)
,(14,'24 Schweizerpunkte',72.000)
,(14,'23 Schweizerpunkte',69.000)
,(14,'22 Schweizerpunkte',76.000)
,(14,'20 Schweizerpunkte',65.000)
,(14,'19 Schweizerpunkte',63.000)
,(14,'18 Schweizerpunkte',61.000)
,(14,'17 Schweizerpunkte',59.000)
,(14,'16 Schweizerpunkte',57.000)
,(14,'15 Schweizerpunkte',55.000)
,(14,'14 Schweizerpunkte',53.000)
,(14,'13 Schweizerpunkte',51.000)
,(14,'12 Schweizerpunkte',49.000)
,(14,'11 Schweizerpunkte',46.000)
,(14,'10 Schweizerpunkte',40.000)
,(14,'9 Schweizerpunkte',36.000)
,(14,'8 Schweizerpunkte',32.000)
,(14,'7 Schweizerpunkte',28.000)
,(14,'6 Schweizerpunkte',24.000)
,(14,'5 Schweizerpunkte',20.000)
,(14,'4 Schweizerpunkte',16.000)
,(14,'3 Schweizerpunkte',12.000)
,(14,'2 Schweizerpunkte',6.000)
,(14,'1 Schweizerpunkte',1.000)
;
-- Manna Spitzwinkel Winkelstütz Hockwinkel (15)
INSERT INTO notenskala (wettkampfdisziplin_id,kurzbeschreibung,punktwert) VALUES 
 (15,'Manna 5sek',96.000)
,(15,'Manna 4sek',93.000)
,(15,'Manna 3sek',91.000)
,(15,'Manna 2sek',89.000)
,(15,'Spitzwinkel 20sek',86.000)
,(15,'Spitzwinkel 19sek',82.000)
,(15,'Spitzwinkel 18sek',78.000)
,(15,'Spitzwinkel 17sek',74.000)
,(15,'Spitzwinkel 16sek',69.000)
,(15,'Spitzwinkel 15sek',67.000)
,(15,'Spitzwinkel 14sek',65.000)
,(15,'Spitzwinkel 13sek',63.000)
,(15,'Spitzwinkel 12sek',61.000)
,(15,'Spitzwinkel 11sek',59.000)
,(15,'Spitzwinkel 10sek',57.000)
,(15,'Spitzwinkel 9sek',55.000)
,(15,'Spitzwinkel 8sek',53.000)
,(15,'Spitzwinkel 7sek',51.000)
,(15,'Spitzwinkel 6sek',49.000)
,(15,'Spitzwinkel 5sek',46.000)
,(15,'Spitzwinkel 4sek',40.000)
,(15,'Spitzwinkel 3sek',36.000)
,(15,'Spitzwinkel 2sek',32.000)
,(15,'Winkelstütz 10sek',28.000)
,(15,'Winkelstütz 8sek',24.000)
,(15,'Winkelstütz 6sek',20.000)
,(15,'Winkelstütz 4sek',16.000)
,(15,'Winkelstütz 2sek',14.000)
,(15,'Hockwinkel 10sek',12.000)
,(15,'Hockwinkel 8sek',9.000)
,(15,'Hockwinkel 6sek',6.000)
,(15,'Hockwinkel 4sek',3.000)
,(15,'Hockwinkel 2sek',1.000)
;
-- Beinheben (Schwebehänge) (16)
INSERT INTO notenskala (wettkampfdisziplin_id,kurzbeschreibung,punktwert) VALUES 
 (16,'40x',96.000)
,(16,'39x',94.000)
,(16,'38x',92.000)
,(16,'37x',90.000)
,(16,'36x',88.000)
,(16,'35x',82.000)
,(16,'34x',84.000)
,(16,'33x',78.000)
,(16,'32x',76.000)
,(16,'30x',78.000)
,(16,'29x',76.000)
,(16,'28x',74.000)
,(16,'27x',72.000)
,(16,'26x',69.000)
,(16,'25x',67.000)
,(16,'23x',65.000)
,(16,'22x',63.000)
,(16,'21x',61.000)
,(16,'20x',59.000)
,(16,'19x',57.000)
,(16,'18x',56.000)
,(16,'17x',55.000)
,(16,'16x',54.000)
,(16,'15x',53.000)
,(16,'14x',52.000)
,(16,'13x',51.000)
,(16,'12x',50.000)
,(16,'11x',49.000)
,(16,'10x',48.000)
,(16,'9x',46.000)
,(16,'8x',44.000)
,(16,'7x',40.000)
,(16,'6x',38.000)
,(16,'5x',36.000)
,(16,'4x',34.000)
,(16,'3x',32.000)
,(16,'2x',28.000)
,(16,'1x',24.000)
,(16,'<8 Jahre 10x',22.000)
,(16,'<8 Jahre 9x',20.000)
,(16,'<8 Jahre 8x',18.000)
,(16,'<8 Jahre 7x',16.000)
,(16,'<8 Jahre 6x',14.000)
,(16,'<8 Jahre 5x',12.000)
,(16,'<8 Jahre 4x',9.000)
,(16,'<8 Jahre 3x',6.000)
,(16,'<8 Jahre 2x',3.000)
,(16,'<8 Jahre 1x',1.000)
;
-- Sturzhänge/Hangwaage (17)
INSERT INTO notenskala (wettkampfdisziplin_id,kurzbeschreibung,punktwert) VALUES 
 (17,'25sek',96.000)
,(17,'24sek',94.000)
,(17,'23sek',92.000)
,(17,'22sek',90.000)
,(17,'21sek',88.000)
,(17,'20sek',86.000)
,(17,'19sek',84.000)
,(17,'18sek',82.000)
,(17,'17sek',80.000)
,(17,'16sek',78.000)
,(17,'15sek',76.000)
,(17,'14sek',74.000)
,(17,'13sek',72.000)
,(17,'12sek',69.000)
,(17,'11sek',67.000)
,(17,'10sek',65.000)
,(17,'9sek',63.000)
,(17,'8sek',61.000)
,(17,'7sek',59.000)
,(17,'6sek',57.000)
,(17,'5sek',55.000)
,(17,'4sek',53.000)
,(17,'3sek',51.000)
,(17,'2sek',49.000)
,(17,'1x Sturzhang gestr., gestrecktes senken zum Hang rl. z. Sturzhang gebückt',40.000)
,(17,'1x Sturzhang gestr., gebeugtes senken zum Hang rl. z. Sturzhang gebückt',32.000)
,(17,'1x Sturzhang gebückt., gebeugtes senken zum Hang rl. z. Sturzhang gebückt',24.000)
,(17,'1x Sturzhang gehockt, senken zum Hang rl.',16.000)
,(17,'1x Sturzhang gestr. halten 5sek',12.000)
,(17,'1x Sturzhang gebückt halten 5sek',6.000)
,(17,'1x Sturzhang gehockt halten 5sek',1.000)
;
-- Stützwaage gehockt (18)
INSERT INTO notenskala (wettkampfdisziplin_id,kurzbeschreibung,punktwert) VALUES 
 (18,'30sek',96.000)
,(18,'29sek',94.000)
,(18,'28sek',92.000)
,(18,'27sek',90.000)
,(18,'26sek',88.000)
,(18,'25sek',86.000)
,(18,'24sek',84.000)
,(18,'23sek',82.000)
,(18,'22sek',80.000)
,(18,'21sek',78.000)
,(18,'20sek',76.000)
,(18,'19sek',74.000)
,(18,'18sek',72.000)
,(18,'17sek',69.000)
,(18,'16sek',76.000)
,(18,'15sek',65.000)
,(18,'14sek',63.000)
,(18,'13sek',61.000)
,(18,'12sek',59.000)
,(18,'11sek',57.000)
,(18,'10sek',55.000)
,(18,'9sek',53.000)
,(18,'8sek',51.000)
,(18,'7sek',49.000)
,(18,'6sek',46.000)
,(18,'5sek',40.000)
,(18,'4sek',36.000)
,(18,'3sek',32.000)
,(18,'Arme gestr., Rücken waagrecht 8sek',28.000)
,(18,'Arme gestr., Rücken waagrecht 7sek',24.000)
,(18,'Arme gestr., Rücken waagrecht 6sek',20.000)
,(18,'Arme gestr., Rücken waagrecht 5sek',16.000)
,(18,'Arme gestr., Rücken waagrecht 4sek',12.000)
,(18,'Arme gestr., Rücken waagrecht 3sek',6.000)
,(18,'Arme gestr., Rücken waagrecht 2sek',1.000)
;
-- Pilz (19)
INSERT INTO notenskala (wettkampfdisziplin_id,kurzbeschreibung,punktwert) VALUES 
 (19,'100x',96.000)
,(19,'95x',95.000)
,(19,'90x',94.000)
,(19,'85x',93.000)
,(19,'80x',92.000)
,(19,'75x',91.000)
,(19,'70x',90.000)
,(19,'65x',89.000)
,(19,'60x',88.000)
,(19,'55x',87.000)
,(19,'50x',86.000)
,(19,'48x',85.000)
,(19,'47x',84.000)
,(19,'46x',83.000)
,(19,'45x',82.000)
,(19,'44x',81.000)
,(19,'43x',80.000)
,(19,'42x',79.000)
,(19,'41x',78.000)
,(19,'40x',77.000)
,(19,'39x',76.000)
,(19,'38x',75.000)
,(19,'37x',74.000)
,(19,'36x',73.000)
,(19,'35x',72.000)
,(19,'34x',71.000)
,(19,'33x',69.000)
,(19,'32x',68.000)
,(19,'31x',67.000)
,(19,'30x',66.000)
,(19,'29x',65.000)
,(19,'28x',64.000)
,(19,'27x',63.000)
,(19,'26x',62.000)
,(19,'25x',61.000)
,(19,'24x',60.000)
,(19,'23x',59.000)
,(19,'22x',58.000)
,(19,'21x',57.000)
,(19,'20x',56.000)
,(19,'19x',55.000)
,(19,'18x',54.000)
,(19,'17x',53.000)
,(19,'16x',52.000)
,(19,'15x',51.000)
,(19,'14x',50.000)
,(19,'13x',49.000)
,(19,'12x',48.000)
,(19,'11x',64.000)
,(19,'10x',44.000)
,(19,'9x',40.000)
,(19,'8x',38.000)
,(19,'7x',36.000)
,(19,'6x',34.000)
,(19,'5x',32.000)
,(19,'4x',30.000)
,(19,'3x',28.000)
,(19,'2x',26.000)
,(19,'1x',24.000)
,(19,'Kessel 10x',22.000)
,(19,'Kessel 9x',20.000)
,(19,'Kessel 8x',18.000)
,(19,'Kessel 7x',16.000)
,(19,'Kessel 6x',14.000)
,(19,'Kessel 5x',12.000)
,(19,'Kessel 4x',9.000)
,(19,'Kessel 3x',6.000)
,(19,'Kessel 2x',3.000)
,(19,'Kessel 1x',1.000)
;